SALE TYPE,SOLD DATE,PROPERTY TYPE,ADDRESS,CITY,STATE OR PROVINCE,ZIP OR POSTAL CODE,PRICE,BEDS,BATHS,LOCATION,SQUARE FEET,LOT SIZE,YEAR BUILT,DAYS ON MARKET,$/SQUARE FEET,HOA/MONTH,STATUS,NEXT OPEN HOUSE START TIME,NEXT OPEN HOUSE END TIME,URL (SEE https://www.redfin.com/buy-a-home/comparative-market-analysis FOR INFO ON PRICING),SOURCE,MLS#,FAVORITE,INTERESTED,LATITUDE,LONGITUDE
"In accordance with local MLS rules, some MLS listings are not included in the download"
MLS Listing,,Single Family Residential,1081 Saltwater Cir,Johns Island,SC,29455,750000,5,4.0,Cordgrass Landing,3118,10018,2023,7,241,138,Active,,,https://www.redfin.com/SC/Johns-Island/1081-Saltwater-CIR-29455/home/184390918,Charleston Trident MLS,26013605,N,Y,32.803213,-80.130853
MLS Listing,,Townhouse,2753 Jobee Dr #6,Charleston,SC,29414,219000,2,1.5,Ashleytowne Village,1180,,1983,10,186,296,Active,,,https://www.redfin.com/SC/Charleston/2753-Jobee-Dr-29414/unit-6/home/169586982,Charleston Trident MLS,26013393,N,Y,32.8417396,-80.0550204
MLS Listing,,Single Family Residential,1215 Wimbee Dr,Charleston,SC,29407,749000,3,2.0,West Oak Forest,1562,20908,1960,12,480,,Active,,,https://www.redfin.com/SC/Charleston/1215-Wimbee-Dr-29407/home/68559316,Charleston Trident MLS,26013025,N,Y,32.7872192,-79.9987823
MLS Listing,,Condo/Co-op,1934 Telfair Way,Charleston,SC,29412,399000,2,2.0,Mira Vista,1120,,2001,24,356,627,Active,,,https://www.redfin.com/SC/Charleston/1934-Telfair-Way-29412/home/68659673,Charleston Trident MLS,26011820,N,Y,32.7534942,-79.9680551
MLS Listing,,Single Family Residential,1634 Ingram Rd,Charleston,SC,29407,749000,4,2.0,Charlestowne Est,1805,13503,1961,1,415,,Active,,,https://www.redfin.com/SC/Charleston/1634-Ingram-Rd-29407/home/108179152,Charleston Trident MLS,26014381,N,Y,32.8137475,-79.9937682
MLS Listing,,Condo/Co-op,145 Pier View St #403,Daniel Island,SC,29492,815000,3,2.0,Daniel Island,1800,,2008,1,453,1031,Active,,,https://www.redfin.com/SC/Daniel-Island/145-Pier-View-St-29492/unit-403/home/68927292,Charleston Trident MLS,26014378,N,Y,32.8570352,-79.9078986
MLS Listing,,Condo/Co-op,35 W Mariners Cay Dr,Folly Beach,SC,29439,559000,2,2.5,Mariners Cay,1340,,1982,1,417,1400,Active,,,https://www.redfin.com/SC/Folly-Beach/35-W-Mariners-Cay-Dr-29439/home/201840677,Charleston Trident MLS,26013992,N,Y,32.6620537,-79.9468052
MLS Listing,,Single Family Residential,547 Little Barley Ln,Charleston,SC,29492,3550000,5,4.5,Beresford Hall,4650,27878,2007,1,763,195,Pre On-Market,,,https://www.redfin.com/SC/Charleston/547-Little-Barley-Ln-29492/home/68870421,Charleston Trident MLS,26014367,N,Y,32.9074003,-79.8881662
MLS Listing,,Condo/Co-op,60 Fenwick Hall Aly #2310,Johns Island,SC,29455,290000,1,1.0,Twelve Oaks,816,,2002,1,355,237,Active,,,https://www.redfin.com/SC/Johns-Island/60-Fenwick-Hall-Allee-29455/unit-2310/home/108080731,Charleston Trident MLS,26014360,N,Y,32.7511595,-80.0354624
MLS Listing,,Single Family Residential,2615 Daniel Island Dr,Daniel Island,SC,29492,2275000,4,3.0,Daniel Island,3000,8276,2020,1,758,86,Pre On-Market,,,https://www.redfin.com/SC/Daniel-Island/2615-Daniel-Island-Dr-29492/home/164629049,Charleston Trident MLS,26014361,N,Y,32.8369436,-79.9090048
MLS Listing,,Single Family Residential,19 Gordon St,Charleston,SC,29403,1190000,3,2.5,Wagener Terrace,1830,3920,1938,1,650,,Active,,,https://www.redfin.com/SC/Charleston/19-Gordon-St-29403/home/68629204,Charleston Trident MLS,26014356,N,Y,32.8043293,-79.9554877
MLS Listing,,Vacant Land,23 Aiken St,Charleston,SC,29403,565000,,,Ansonborough,,3484,,1,,,Active,,,https://www.redfin.com/SC/Charleston/23-Aiken-St-29403/home/68666657,Charleston Trident MLS,26014351,N,Y,32.796737,-79.937523
MLS Listing,,Single Family Residential,1554 Westwood Dr,Charleston,SC,29412,469000,4,2.0,Westchester,1779,9147,1972,1,264,,Pre On-Market,,,https://www.redfin.com/SC/Charleston/1554-Westwood-Dr-29412/home/68734800,Charleston Trident MLS,26014350,N,Y,32.7154961,-79.9597866
MLS Listing,,Single Family Residential,2763 Flower Creek Way,Charleston,SC,29414,397990,3,2.0,Canterbury Woods,1151,5227,1987,1,346,46,Active,May-24-2026 01:00 PM,May-24-2026 04:00 PM,https://www.redfin.com/SC/Charleston/2763-Flower-Creek-Way-29414/home/87082609,Charleston Trident MLS,26014346,N,Y,32.8333701,-80.0617324
MLS Listing,,Single Family Residential,23 Shadowmoss Pkwy,Charleston,SC,29414,1000000,5,4.0,Shadowmoss,4296,16552,1972,1,233,,Active,,,https://www.redfin.com/SC/Charleston/23-Shadowmoss-Pkwy-29414/home/68750611,Charleston Trident MLS,26014344,N,Y,32.8465179,-80.0674273
MLS Listing,,Single Family Residential,1983 Treebark Dr,Charleston,SC,29414,495000,3,2.5,Westborough,2177,5662,1995,1,227,,Active,,,https://www.redfin.com/SC/Charleston/1983-Treebark-Dr-29414/home/68620004,Charleston Trident MLS,26014335,N,Y,32.8213491,-80.0454885
MLS Listing,,Single Family Residential,455 Lydia Dr,Charleston,SC,29412,775000,3,2.0,Laurel Park,1808,14810,1958,1,429,,Active,,,https://www.redfin.com/SC/Charleston/455-Lydia-Dr-29412/home/68776744,Charleston Trident MLS,26014334,N,Y,32.754806,-79.9755484
MLS Listing,,Single Family Residential,1097 Clearspring Dr,Charleston,SC,29412,669000,3,2.5,Ocean Neighbors,1773,8712,1999,1,377,41,Active,May-22-2026 04:00 PM,May-22-2026 06:00 PM,https://www.redfin.com/SC/Charleston/1097-Clearspring-Dr-29412/home/68916483,Charleston Trident MLS,26014333,N,Y,32.696713,-79.9598119
MLS Listing,,Single Family Residential,4 Bedons Aly,Charleston,SC,29401,5200000,3,2.5,South of Broad,2702,3920,1790,1,1925,,Active,,,https://www.redfin.com/SC/Charleston/4-Bedons-Aly-29401/home/68911274,Charleston Trident MLS,26014011,N,Y,32.7753876,-79.9277816
MLS Listing,,Single Family Residential,227 Hoylake Ct,Charleston,SC,29414,389500,3,2.0,Shadowmoss,1150,7405,1997,1,339,18,Active,,,https://www.redfin.com/SC/Charleston/227-Hoylake-Ct-29414/home/68546130,Charleston Trident MLS,26013860,N,Y,32.8543646,-80.0779439
MLS Listing,,Single Family Residential,1336 Witter St,Charleston,SC,29412,699900,3,2.0,Greencrest,1300,22215,1977,1,538,,Active,,,https://www.redfin.com/SC/Charleston/1336-Witter-St-29412/home/68870415,Charleston Trident MLS,26014315,N,Y,32.7165593,-79.9620055
MLS Listing,,Single Family Residential,2318 Dorado Ct,Johns Island,SC,29455,969000,4,2.5,Stonoview,2656,8712,2021,1,365,135,Active,May-20-2026 04:00 PM,May-20-2026 06:00 PM,https://www.redfin.com/SC/Johns-Island/2318-Dorado-Ct-29455/home/201833381,Charleston Trident MLS,26013885,N,Y,32.7370788,-80.0226038
MLS Listing,,Single Family Residential,1787 Markham Rd,Charleston,SC,29414,400000,3,1.5,Pierpont,1000,13068,1962,2,400,,Active,,,https://www.redfin.com/SC/Charleston/1787-Markham-Rd-29414/home/108157565,Charleston Trident MLS,26014296,N,Y,32.8253425,-80.0376562
MLS Listing,,Single Family Residential,1757 Skinner Ave Unit A & B,Charleston,SC,29407,849900,5,3.0,Flowerland Terrace,1920,16117,1957,2,443,,Active,,,https://www.redfin.com/SC/Charleston/1757-Skinner-Ave-29407/unit-B/home/199107644,Charleston Trident MLS,26014294,N,Y,32.780709,-80.018736
MLS Listing,,Single Family Residential,1541 Fort Johnson Rd,Charleston,SC,29412,489500,4,2.5,Greencrest,1514,24393,1974,2,323,,Active,,,https://www.redfin.com/SC/Charleston/1541-Fort-Johnson-Rd-29412/home/108154654,Charleston Trident MLS,26014284,N,Y,32.7184052,-79.9621305
MLS Listing,,Single Family Residential,305 Geddes Ave,Charleston,SC,29407,570000,3,2.0,Geddes Hall,1758,12632,1945,2,324,,Active,,,https://www.redfin.com/SC/Charleston/305-Geddes-Ave-29407/home/108146065,Charleston Trident MLS,26014282,N,Y,32.7800221,-80.0213828
MLS Listing,,Single Family Residential,50 Aiken St,Charleston,SC,29403,889000,3,2.5,51 - Peninsula Charleston Inside of Crosstown,1508,2178,2023,2,590,,Active,,,https://www.redfin.com/SC/Charleston/50-Aiken-St-29403/home/68693212,Charleston Trident MLS,26014277,N,Y,32.7981434,-79.9379117
MLS Listing,,Condo/Co-op,1025 Riverland Woods Pl Apt 214,Charleston,SC,29412,499000,3,2.0,The Retreat at Riverland,1290,,2003,2,387,662,Active,,,https://www.redfin.com/SC/Charleston/1025-Riverland-Woods-Pl-29412/unit-214/home/68935043,Charleston Trident MLS,26014257,N,Y,32.716981,-79.97326
MLS Listing,,Single Family Residential,2737 Sunrose Ln,Johns Island,SC,29455,610000,4,2.0,Woodbury Park,1856,9147,2019,2,329,119,Pre On-Market,,,https://www.redfin.com/SC/Johns-Island/2737-Sunrose-LN-29455/home/169057098,Charleston Trident MLS,26014256,N,Y,32.74102,-80.06148
MLS Listing,,Single Family Residential,32 Sutherland Ct,Charleston,SC,29403,1924900,4,4.0,Hampton Park Terrace,2554,4356,2022,2,754,,Active,,,https://www.redfin.com/SC/Charleston/32-Sutherland-Ct-29403/home/68959679,Charleston Trident MLS,26014250,N,Y,32.7980068,-79.9548009
MLS Listing,,Condo/Co-op,280 Seven Farms Dr Unit 202,Daniel Island,SC,29492,509000,2,2.0,77 - Daniel Island,1225,,2005,2,416,467,Active,,,https://www.redfin.com/SC/Daniel-Island/280-Seven-Farms-Dr-29492/unit-202/home/85960458,Charleston Trident MLS,26013770,N,Y,32.859201,-79.9109255
MLS Listing,,Townhouse,1064 Bennington Dr,Charleston,SC,29492,420000,3,2.5,Cain Crossing,1694,,2014,2,248,209,Active,,,https://www.redfin.com/SC/Charleston/1064-Bennington-Dr-29492/home/68626015,Charleston Trident MLS,26013847,N,Y,32.9361635,-79.8211972
MLS Listing,,Single Family Residential,2209 Weepoolow Trl,Charleston,SC,29407,1385000,4,3.5,Ashley Harbor,2942,13939,2026,3,471,154,Active,,,https://www.redfin.com/SC/Charleston/2209-Weepoolow-Trl-29407/home/201859911,Charleston Trident MLS,26014236,N,Y,32.8242817,-80.0227549
MLS Listing,,Townhouse,100 Risewell Ct,Johns Island,SC,29455,610000,2,2.5,Hayes Park,1902,3920,2024,3,321,548,Active,,,https://www.redfin.com/SC/Johns-Island/100-Risewell-Ct-29455/home/198774333,Charleston Trident MLS,26014230,N,Y,32.724757,-80.0775721
MLS Listing,,Single Family Residential,2122 Colson Ln,Johns Island,SC,29455,615000,4,2.5,Oakfield,2280,6969,2019,3,270,60,Active,,,https://www.redfin.com/SC/Johns-Island/2122-Colson-Ln-29455/home/201859080,Charleston Trident MLS,26014228,N,Y,32.7211212,-80.0523471
MLS Listing,,Single Family Residential,101 Tradd St,Charleston,SC,29401,6950000,4,4.5,South of Broad,3634,4356,1760,3,1912,,Active,,,https://www.redfin.com/SC/Charleston/101-Tradd-St-29401/home/68898845,Charleston Trident MLS,26014229,N,Y,32.7742909,-79.9330019
MLS Listing,,Single Family Residential,494 Woodland Shores Rd,Charleston,SC,29412,850000,4,2.5,Woodland Shores,2056,22215,1945,3,413,,Active,,,https://www.redfin.com/SC/Charleston/494-Woodland-Shores-Rd-29412/home/87081976,Charleston Trident MLS,26014217,N,Y,32.7504141,-79.9885607
MLS Listing,,Condo/Co-op,320 Longshore St #1034,Daniel Island,SC,29492,974000,1,1.5,Daniel Island,1224,,2024,3,796,,Active,,,https://www.redfin.com/SC/Daniel-Island/320-Longshore-St-29492/unit-1034/home/191587340,Charleston Trident MLS,26014209,N,Y,32.8543106,-79.9037424
MLS Listing,,Single Family Residential,122 Congress St Unit A & B,Charleston,SC,29403,925000,4,2.0,North Central,1569,2178,1935,3,590,,Active,,,https://www.redfin.com/SC/Charleston/122-Congress-St-29403/unit-B/home/68607162,Charleston Trident MLS,26014202,N,Y,32.7984835,-79.9492716
MLS Listing,,Single Family Residential,663 Harbor View Rd,Charleston,SC,29412,625000,4,2.0,Clearview,1453,11325,1967,3,430,,Active,,,https://www.redfin.com/SC/Charleston/663-Harbor-View-Rd-29412/home/68638773,Charleston Trident MLS,26014191,N,Y,32.7415098,-79.9198386
MLS Listing,,Townhouse,1504 Royal Colony Rd,Johns Island,SC,29455,375000,2,2.5,The Gates of Fenwick Plantation,1651,3920,2006,3,227,480,Active,,,https://www.redfin.com/SC/Johns-Island/1504-Royal-Colony-Rd-29455/home/68873553,Charleston Trident MLS,26014015,N,Y,32.7541863,-80.041439
MLS Listing,,Townhouse,1670 Dexter Ln,Charleston,SC,29412,479900,3,2.0,Meridian Place,1404,3484,2004,3,342,100,Active,,,https://www.redfin.com/SC/Charleston/1670-Dexter-Ln-29412/home/108119387,Charleston Trident MLS,26014148,N,Y,32.7256092,-79.9759571
MLS Listing,,Condo/Co-op,1627 Telfair Way,Charleston,SC,29412,392000,2,2.0,Mira Vista,1080,435,2001,3,363,604,Active,,,https://www.redfin.com/SC/Charleston/1627-Telfair-Way-29412/home/182662897,Charleston Trident MLS,26014147,N,Y,32.7534942,-79.9680551
MLS Listing,,Townhouse,477 Caledon Ct,Johns Island,SC,29455,499990,4,3.5,Indigo Grove,2141,1306,2026,3,234,102,Active,,,https://www.redfin.com/SC/Johns-Island/477-Caledon-Ct-29455/home/195971765,Charleston Trident MLS,26014141,N,Y,32.7493572,-80.0314343
MLS Listing,,Condo/Co-op,108 Fairbanks Oak Aly #201,Daniel Island,SC,29492,2875000,3,3.5,Daniel Island,3220,,2015,3,893,1500,Active,,,https://www.redfin.com/SC/Daniel-Island/108-Fairbanks-Oak-Aly-29492/unit-201/home/114039557,Charleston Trident MLS,26014142,N,Y,32.8646786,-79.8967735
MLS Listing,,Townhouse,464 Doane Way,Charleston,SC,29492,309900,2,1.5,Beresford Commons,1010,,2006,3,307,498,Active,,,https://www.redfin.com/SC/Charleston/464-Doane-Way-29492/home/68928380,Charleston Trident MLS,26014139,N,Y,32.8946284,-79.9120096
MLS Listing,,Single Family Residential,2710 Rutherford Way,Charleston,SC,29414,729000,4,3.5,Carolina Bay,2572,7840,2016,3,283,60,Pre On-Market,May-23-2026 01:00 PM,May-23-2026 03:00 PM,https://www.redfin.com/SC/Charleston/2710-Rutherford-Way-29414/home/103703924,Charleston Trident MLS,26014137,N,Y,32.8075618,-80.0605252
MLS Listing,,Townhouse,17 Ashley Ave,Charleston,SC,29401,2990000,4,2.5,South of Broad,2112,2613,1975,3,1416,,Active,,,https://www.redfin.com/SC/Charleston/17-Ashley-Ave-29401/home/68605513,Charleston Trident MLS,26014136,N,Y,32.773754,-79.9410647
MLS Listing,,Condo/Co-op,301 Broad St Apt 1,Charleston,SC,29401,899990,2,1.5,Broad Street Arms,971,,1937,3,927,500,Active,,,https://www.redfin.com/SC/Charleston/301-Broad-St-29401/unit-1/home/108156302,Charleston Trident MLS,26014133,N,Y,32.7751677,-79.9418488
MLS Listing,,Single Family Residential,1773 Banbury Rd,Charleston,SC,29414,800000,5,3.0,Forest Lakes,3584,11761,1983,3,223,,Active,,,https://www.redfin.com/SC/Charleston/1773-Banbury-Rd-29414/home/68558556,Charleston Trident MLS,26014124,N,Y,32.8197831,-80.0507586
MLS Listing,,Single Family Residential,100 Murray Blvd,Charleston,SC,29401,9300000,5,6.5,South of Broad,6755,7840,2021,3,1377,,Active,,,https://www.redfin.com/SC/Charleston/100-Murray-Blvd-29401/home/87085830,Charleston Trident MLS,26014113,N,Y,32.7726714,-79.9422554
MLS Listing,,Single Family Residential,2164 Edisto Ave,Charleston,SC,29412,1025000,3,3.5,Riverland Terrace,1938,6534,1942,3,529,,Active,,,https://www.redfin.com/SC/Charleston/2164-Edisto-Ave-29412/home/108139845,Charleston Trident MLS,26014107,N,Y,32.7602232,-79.9968753
MLS Listing,,Single Family Residential,1920 Zonny Moss Dr,Johns Island,SC,29455,660000,4,2.5,Oakfield,2935,6534,2020,3,225,60,Active,,,https://www.redfin.com/SC/Johns-Island/1920-Zonny-Moss-Dr-29455/home/184532190,Charleston Trident MLS,26014099,N,Y,32.721893,-80.0498468
MLS Listing,,Single Family Residential,2355 Brinkley Rd,Johns Island,SC,29455,859000,5,4.5,Oakfield,3550,7840,2021,3,242,60,Active,,,https://www.redfin.com/SC/Johns-Island/2355-Brinkley-Rd-29455/home/175596661,Charleston Trident MLS,26014074,N,Y,32.722471,-80.044191
MLS Listing,,Single Family Residential,1892 Grover Dr,Johns Island,SC,29455,743900,3,2.5,23 - Johns Island,2533,13068,2025,3,294,,Active,,,https://www.redfin.com/SC/Johns-Island/1892-Grover-Dr-29455/home/108160242,Charleston Trident MLS,26014072,N,Y,32.735619,-80.04243
MLS Listing,,Single Family Residential,916 Hillsboro Dr,Charleston,SC,29407,439000,3,2.0,Jackson Heights,1082,4791,2005,3,406,,Active,,,https://www.redfin.com/SC/Charleston/916-Hillsboro-Dr-29407/home/68869294,Charleston Trident MLS,26014065,N,Y,32.7937453,-79.9866315
MLS Listing,,Single Family Residential,1246 Honeysuckle Ln,Charleston,SC,29412,649900,3,1.5,Farmington,1780,11325,1966,3,365,,Active,,,https://www.redfin.com/SC/Charleston/1246-Honeysuckle-Ln-29412/home/108143633,Charleston Trident MLS,26014062,N,Y,32.7270544,-79.9494114
MLS Listing,,Single Family Residential,519 Barbados Dr,Charleston,SC,29492,2750000,5,5.5,Beresford Hall,4116,35283,2013,3,668,333,Active,,,https://www.redfin.com/SC/Charleston/519-Barbados-Dr-29492/home/68988800,Charleston Trident MLS,26014001,N,Y,32.9023984,-79.9030022
MLS Listing,,Single Family Residential,1027 Yorktown Dr,Charleston,SC,29412,575000,3,2.0,Queensborough,1096,14810,1982,4,525,,Active,,,https://www.redfin.com/SC/Charleston/1027-Yorktown-Dr-29412/home/68637381,Charleston Trident MLS,26014052,N,Y,32.7282666,-79.9714575
MLS Listing,,Condo/Co-op,5 Gadsdenboro St #303,Charleston,SC,29401,1690000,2,2.0,Gadsdenboro,1282,,2018,4,1318,1292,Active,,,https://www.redfin.com/SC/Charleston/5-Gadsdenboro-St-29401/unit-303/home/145520383,Charleston Trident MLS,26014046,N,Y,32.7871371,-79.9275303
MLS Listing,,Single Family Residential,1004 Point Of Light Ln,Charleston,SC,29412,875000,4,4.0,Clarks Point,2803,15245,1986,4,312,,Active,May-23-2026 11:00 AM,May-23-2026 12:00 PM,https://www.redfin.com/SC/Charleston/1004-Point-of-Light-Ln-29412/home/87084767,Charleston Trident MLS,26014041,N,Y,32.7383566,-79.9504368
MLS Listing,,Single Family Residential,"166 President Unit A,B,C",Charleston,SC,29403,800000,6,4.0,Elliotborough,2256,2613,1935,4,355,,Active,,,https://www.redfin.com/SC/Charleston/166-President-St-29403/unit-A-B-C/home/201844099,Charleston Trident MLS,26014035,N,Y,32.7898536,-79.9513415
MLS Listing,,Single Family Residential,166 President St,Charleston,SC,29403,800000,6,4.0,Elliotborough,2256,2613,1935,4,355,,Active,,,https://www.redfin.com/SC/Charleston/166-President-St-29403/home/87085601,Charleston Trident MLS,26014027,N,Y,32.7898536,-79.9513415
MLS Listing,,Townhouse,1282 Fenwick Plantation Rd,Johns Island,SC,29455,430000,2,2.5,The Gates of Fenwick Plantation,1824,5662,2006,4,236,485,Active,,,https://www.redfin.com/SC/Johns-Island/1282-Fenwick-Plantation-Rd-29455/home/108169917,Charleston Trident MLS,26014026,N,Y,32.7542056,-80.0419519
MLS Listing,,Condo/Co-op,245 Seven Farms Dr Apt 330,Daniel Island,SC,29492,2795000,4,3.0,77 - Daniel Island,3300,,2007,4,847,1574,Active,,,https://www.redfin.com/SC/Daniel-Island/245-Seven-Farms-Dr-29492/unit-330/home/91654479,Charleston Trident MLS,26014012,N,Y,32.859467,-79.90884
MLS Listing,,Single Family Residential,1055 Harriman Ln,Charleston,SC,29492,1195000,4,2.5,Point Hope,3014,13068,2021,4,396,121,Active,,,https://www.redfin.com/SC/Charleston/1055-Harriman-Ln-29492/home/175113696,Charleston Trident MLS,26014013,N,Y,32.9194419,-79.862483
MLS Listing,,Single Family Residential,1617 Dotterer's Run,Charleston,SC,29414,515000,3,2.5,Forest Lakes Extension,2249,17859,1992,4,229,,Active,,,https://www.redfin.com/SC/Charleston/1617-Dotterers-Run-29414/home/108181830,Charleston Trident MLS,26014009,N,Y,32.8157079,-80.0572199
MLS Listing,,Single Family Residential,4127 Collins Dr,Charleston,SC,29414,664999,3,2.5,Carolina Bay,2329,5662,2025,4,286,95,Active,,,https://www.redfin.com/SC/Charleston/4127-Collins-Dr-29414/home/198772602,Charleston Trident MLS,26014005,N,Y,32.8038216,-80.0742137
MLS Listing,,Single Family Residential,1179 Rivers Reach Dr,Charleston,SC,29492,864900,5,3.0,River Reach Pointe,3004,9583,2009,4,288,75,Active,,,https://www.redfin.com/SC/Charleston/1179-Rivers-Reach-Dr-29492/home/68736770,Charleston Trident MLS,26013999,N,Y,32.9195061,-79.8460086
MLS Listing,,Single Family Residential,1300 White Dr,Charleston,SC,29407,501999,3,2.0,West Oak Forest Ext,1400,15245,1981,4,359,,Active,,,https://www.redfin.com/SC/Charleston/1300-White-Dr-29407/home/108100313,Charleston Trident MLS,26013990,N,Y,32.7926908,-80.0005686
MLS Listing,,Single Family Residential,601 Flint St,Charleston,SC,29412,820000,4,3.0,Laurel Park,2844,12632,1986,4,288,,Active,,,https://www.redfin.com/SC/Charleston/601-Flint-St-29412/home/68638546,Charleston Trident MLS,26013980,N,Y,32.7511019,-79.9769214
MLS Listing,,Townhouse,216 Twinleaf Ct,Charleston,SC,29414,519000,3,2.5,Ashley Walk Townes,2320,2613,2026,4,224,205,Active,,,https://www.redfin.com/SC/Charleston/216-Twinleaf-Ct-29414/home/201268117,Charleston Trident MLS,26013976,N,Y,32.8159172,-80.0878094
MLS Listing,,Single Family Residential,467 Sanders Farm Ln,Charleston,SC,29492,660000,5,3.0,Retreat at Beresford,2544,5227,2013,4,259,33,Active,May-23-2026 11:00 AM,May-23-2026 01:00 PM,https://www.redfin.com/SC/Charleston/467-Sanders-Farm-Ln-29492/home/68929274,Charleston Trident MLS,26013977,N,Y,32.8944966,-79.9157828
MLS Listing,,Single Family Residential,700 Meeting St,Charleston,SC,29403,889000,3,2.0,52 - Peninsula Charleston Outside of Crosstown,1104,2613,1920,4,805,,Active,,,https://www.redfin.com/SC/Charleston/700-Meeting-St-29403/home/87086319,Charleston Trident MLS,26013973,N,Y,32.8074788,-79.9473147
MLS Listing,,Single Family Residential,152 Grove St,Charleston,SC,29403,1250000,3,2.0,Wagener Terrace,1800,7405,1947,4,694,,Active,,,https://www.redfin.com/SC/Charleston/152-Grove-St-29403/home/68607172,Charleston Trident MLS,26013970,N,Y,32.8029385,-79.9564915
MLS Listing,,Townhouse,469 Caledon Ct,Johns Island,SC,29455,499990,4,3.5,Indigo Grove,2089,1306,2026,4,239,102,Active,,,https://www.redfin.com/SC/Johns-Island/469-Caledon-Ct-29455/home/196124043,Charleston Trident MLS,26013944,N,Y,32.7492486,-80.0312232
MLS Listing,,Multi-Family (2-4 Unit),193 Line St Unit A & B,Charleston,SC,29403,999999,,4.0,Westside,1410,1742,1930,4,709,,Active,,,https://www.redfin.com/SC/Charleston/193-Line-St-29403/unit-A-B/home/201838723,Charleston Trident MLS,26013943,N,Y,32.7917376,-79.9508792
MLS Listing,,Single Family Residential,1389 Parkshore Dr,Charleston,SC,29407,1450000,4,3.0,Huntington Woods,2774,12632,1974,4,523,,Active,,,https://www.redfin.com/SC/Charleston/1389-Parkshore-Dr-29407/home/68558397,Charleston Trident MLS,26013925,N,Y,32.8215534,-80.0050937
MLS Listing,,Townhouse,2135 Tides End Rd,Charleston,SC,29412,999999,4,3.5,The Cove at Folly,2226,3049,2022,4,449,680,Active,,,https://www.redfin.com/SC/Charleston/2135-Tides-End-Rd-29412/home/177357907,Charleston Trident MLS,26013921,N,Y,32.6782839,-79.9558391
MLS Listing,,Single Family Residential,1953 Boeing Ave,Charleston,SC,29407,625000,4,2.5,Air Harbor,2082,10890,1959,4,300,,Active,,,https://www.redfin.com/SC/Charleston/1953-Boeing-Ave-29407/home/68623026,Charleston Trident MLS,26013913,N,Y,32.7806315,-80.0264388
MLS Listing,,Single Family Residential,210 Line St,Charleston,SC,29403,499000,2,1.0,Westside,1680,2178,1950,4,297,,Active,,,https://www.redfin.com/SC/Charleston/210-Line-St-29403/home/68685466,Charleston Trident MLS,26013906,N,Y,32.7917731,-79.951752
MLS Listing,,Single Family Residential,537 Nelliefield Trl,Charleston,SC,29492,655000,4,2.0,Nelliefield Plantation,1934,,2015,4,339,85,Active,,,https://www.redfin.com/SC/Charleston/537-Nelliefield-Trl-29492/home/68626076,Charleston Trident MLS,26013905,N,Y,32.9238095,-79.8578074
MLS Listing,,Single Family Residential,1647 Emmets Rd,Johns Island,SC,29455,599000,4,2.5,The Oaks at St Johns Crossing,2264,5227,2018,4,265,75,Active,,,https://www.redfin.com/SC/Johns-Island/1647-Emmets-Rd-29455/home/144292211,Charleston Trident MLS,26013892,N,Y,32.7486019,-80.0467423
MLS Listing,,Townhouse,2 Gadsden St Unit B,Charleston,SC,29401,1695000,3,3.0,Harleston Village,1728,1742,1973,4,981,,Active,May-23-2026 11:00 AM,May-23-2026 01:00 PM,https://www.redfin.com/SC/Charleston/2-Gadsden-St-29401/unit-B/home/171634202,Charleston Trident MLS,26013882,N,Y,32.7770283,-79.9436195
MLS Listing,,Single Family Residential,3515 Matisse St,Charleston,SC,29492,1199000,4,3.5,Point Hope,2563,7405,2023,4,468,117,Active,,,https://www.redfin.com/SC/Charleston/3515-Matisse-St-29492/home/185244069,Charleston Trident MLS,26013694,N,Y,32.915138,-79.875305
MLS Listing,,Single Family Residential,1108 Revelation Ct,Johns Island,SC,29455,365000,3,1.5,Brownswood Place,1148,9147,2009,4,318,25,Active,,,https://www.redfin.com/SC/Johns-Island/1108-Revelation-Ct-29455/home/108168892,Charleston Trident MLS,26013306,N,Y,32.7460166,-80.0613344
MLS Listing,,Single Family Residential,504 Stonecreek Dr,Charleston,SC,29414,629000,5,2.5,Stone Creek,2317,8276,2001,4,271,,Active,,,https://www.redfin.com/SC/Charleston/504-Stone-Creek-Dr-29414/home/68683388,Charleston Trident MLS,26013708,N,Y,32.7839401,-80.0350644
MLS Listing,,Single Family Residential,1940 Planters Dr,Charleston,SC,29414,500000,3,2.0,Church Creek,1428,9147,1975,4,350,,Active,,,https://www.redfin.com/SC/Charleston/1940-Planters-Dr-29414/home/68650923,Charleston Trident MLS,26013827,N,Y,32.8254165,-80.0531892
MLS Listing,,Single Family Residential,924 Ashley Ave,Charleston,SC,29403,1850000,4,3.0,Wagener Terrace,2304,6969,1948,4,803,,Active,,,https://www.redfin.com/SC/Charleston/924-Ashley-Ave-29403/home/68666608,Charleston Trident MLS,26013855,N,Y,32.8077914,-79.9561331
MLS Listing,,Multi-Family (2-4 Unit),72 Ashe St Unit A&B,Charleston,SC,29403,1720000,5,4.0,Elliotborough,,2613,1890,4,,,Active,,,https://www.redfin.com/SC/Charleston/72-Ashe-St-29403/unit-A-B/home/201804819,Charleston Trident MLS,26013615,N,Y,32.7940909,-79.9466478
MLS Listing,,Single Family Residential,3228 Arrow Arum Dr,Johns Island,SC,29455,749500,4,2.5,Fenwick Woods,3194,9147,2016,4,235,46,Active,,,https://www.redfin.com/SC/Johns-Island/3228-Arrow-Arum-Dr-29455/home/103946606,Charleston Trident MLS,26013793,N,Y,32.7383237,-80.0687504
MLS Listing,,Single Family Residential,3240 Hartwell St,Johns Island,SC,29455,525000,3,2.5,Maybank Village,1757,5227,2015,5,299,44,Active,,,https://www.redfin.com/SC/Johns-Island/3240-Hartwell-St-29455/home/105068379,Charleston Trident MLS,26013879,N,Y,32.7288415,-80.0576002
MLS Listing,,Condo/Co-op,301 Longshore St #423,Daniel Island,SC,29492,1549000,2,2.5,Daniel Island,1946,,2021,5,796,1704,Active,,,https://www.redfin.com/SC/Daniel-Island/301-Longshore-St-29492/unit-423/home/174759234,Charleston Trident MLS,26013874,N,Y,32.8558371,-79.903916
MLS Listing,,Condo/Co-op,135 Pier View St Unit 404,Daniel Island,SC,29492,665000,2,2.5,Pier View,1338,,2007,5,497,746,Active,,,https://www.redfin.com/SC/Daniel-Island/135-Pier-View-St-29492/unit-404/home/68905446,Charleston Trident MLS,26013872,N,Y,32.8575396,-79.9084271
MLS Listing,,Townhouse,1713 Boone Hall Dr Unit I-16,Charleston,SC,29407,179000,2,1.5,Mepkin Place,1008,871,2006,5,178,468,Active,,,https://www.redfin.com/SC/Charleston/1713-Boone-Hall-Dr-29407/unit-I16/home/171588871,Charleston Trident MLS,26013852,N,Y,32.8144252,-80.0233191
MLS Listing,,Townhouse,402 Sumter Unit C,Charleston,SC,29403,949000,3,2.5,Westside,1820,,2017,5,521,8,Active,,,https://www.redfin.com/SC/Charleston/402-Sumter-St-29403/unit-C/home/113746979,Charleston Trident MLS,26013832,N,Y,32.7955097,-79.9520167
MLS Listing,,Single Family Residential,823 Quail Dr,Charleston,SC,29412,635000,3,2.5,Lawton Bluff,1240,11325,1957,5,512,,Active,,,https://www.redfin.com/SC/Charleston/823-Quail-Dr-29412/home/68637150,Charleston Trident MLS,26013824,N,Y,32.741183,-79.9452954
MLS Listing,,Single Family Residential,1023 Bidwell Cir,Charleston,SC,29414,729500,4,2.5,Providence Commons,2485,15245,1999,5,294,25,Active,,,https://www.redfin.com/SC/Charleston/1023-Bidwell-Cir-29414/home/68703418,Charleston Trident MLS,26013817,N,Y,32.8136675,-80.0543308
MLS Listing,,Single Family Residential,3605 Rabun Ct,Johns Island,SC,29455,625000,5,3.5,Maybank Village,2888,9147,2015,5,216,44,Active,,,https://www.redfin.com/SC/Johns-Island/3605-Rabun-Ct-29455/home/105066478,Charleston Trident MLS,26013814,N,Y,32.7282444,-80.055678
MLS Listing,,Single Family Residential,1840 Grover Dr,Johns Island,SC,29455,330000,3,1.0,Metts Acres,896,8276,1966,5,368,,Active,,,https://www.redfin.com/SC/Johns-Island/1840-Grover-Dr-29455/home/81823192,Charleston Trident MLS,26013813,N,Y,32.7378757,-80.0437115
MLS Listing,,Single Family Residential,1244 Cornwallis Dr,Charleston,SC,29412,1295000,4,2.0,Whitehouse Plantation,2198,18295,1979,5,589,,Active,,,https://www.redfin.com/SC/Charleston/1244-Cornwallis-Rd-29412/home/108132738,Charleston Trident MLS,26013803,N,Y,32.7328594,-79.9496617
MLS Listing,,Condo/Co-op,700 Daniel Ellis Dr. Dr #11105,Charleston,SC,29412,195900,1,1.0,The Peninsula Condominiums,691,,1998,5,284,312,Active,,,https://www.redfin.com/SC/Charleston/700-Daniel-Ellis-Dr-29412/unit-11105/home/108171124,Charleston Trident MLS,26013791,N,Y,32.751112,-79.965868
MLS Listing,,Condo/Co-op,500 Bucksley Ln #301,Daniel Island,SC,29492,520000,3,2.0,254 Seven Farms Drive,1353,,2005,5,384,480,Active,,,https://www.redfin.com/SC/Daniel-Island/500-Bucksley-Ln-29492/unit-301/home/68578648,Charleston Trident MLS,26013781,N,Y,32.8597987,-79.9112091
MLS Listing,,Single Family Residential,705 Rathall Creek Dr,Charleston,SC,29492,612500,3,2.5,The Marshes at Cooper River,1908,,2018,5,321,67,Active,,,https://www.redfin.com/SC/Charleston/705-Rathall-Creek-Dr-29492/home/160496002,Charleston Trident MLS,26013763,N,Y,32.9026696,-79.920655
MLS Listing,,Single Family Residential,2045 Lanneau Ln,Johns Island,SC,29455,675000,3,2.5,Oakfield,2432,11761,2019,5,278,66,Active,,,https://www.redfin.com/SC/Johns-Island/2045-Lanneau-Ln-29455/home/169984582,Charleston Trident MLS,26013758,N,Y,32.724698474,-80.04996538
MLS Listing,,Single Family Residential,26 Gordon St,Charleston,SC,29403,799999,2,1.0,Wagener Terrace,990,4791,1935,6,808,,Active,,,https://www.redfin.com/SC/Charleston/26-Gordon-St-29403/home/68869330,Charleston Trident MLS,26013742,N,Y,32.8046198,-79.9560613
MLS Listing,,Single Family Residential,401 Wayfaring Pt,Daniel Island,SC,29492,10980000,5,4.5,Daniel Island,4622,33105,2023,6,2376,221,Active,,,https://www.redfin.com/SC/Daniel-Island/401-Wayfaring-Pt-29492/home/172399849,Charleston Trident MLS,26013739,N,Y,32.8711533,-79.8902311
MLS Listing,,Vacant Land,2128 Mcneil Washington Rd,Charleston,SC,29412,250000,,,Sol Legare,,14810,,6,,33,Active,,,https://www.redfin.com/SC/Charleston/2128-Yankee-Dr-29412/home/201817750,Charleston Trident MLS,26013727,N,Y,32.6774369,-79.9830629
MLS Listing,,Condo/Co-op,2312 Egret Crest Ln,Charleston,SC,29414,299000,2,2.0,The Colony at Heron Reserve,1247,,2006,6,240,509,Active,,,https://www.redfin.com/SC/Charleston/2312-Egret-Crest-Ln-29414/home/182890954,Charleston Trident MLS,26013706,N,Y,32.8140021,-80.0617988
MLS Listing,,Single Family Residential,417 Cessna Ave,Charleston,SC,29407,460000,3,1.5,Air Harbor,1456,11761,1968,6,316,,Active,,,https://www.redfin.com/SC/Charleston/417-Cessna-Ave-29407/home/68643226,Charleston Trident MLS,26013703,N,Y,32.7844295,-80.026528
MLS Listing,,Single Family Residential,1126 Saltwater Cir,Johns Island,SC,29455,639000,3,2.5,Cordgrass Landing,2530,7405,2024,6,253,116,Active,,,https://www.redfin.com/SC/Johns-Island/1126-Saltwater-Cir-29455/home/189885561,Charleston Trident MLS,26013705,N,Y,32.804552,-80.13104
MLS Listing,,Single Family Residential,1486 Springwater Ct,Charleston,SC,29412,975000,4,3.0,Wexford Sound,1931,10454,1996,6,505,16,Active,,,https://www.redfin.com/SC/Charleston/1486-Springwater-Ct-29412/home/68930732,Charleston Trident MLS,26013676,N,Y,32.7140154,-79.9503565
MLS Listing,,Vacant Land,148 President St,Charleston,SC,29403,3500000,,,Cannonborough-Elliotborough,,15681,,6,,,Active,,,https://www.redfin.com/SC/Charleston/148-President-St-29403/home/68892952,Charleston Trident MLS,26013674,N,Y,32.7891525,-79.9510912
MLS Listing,,Single Family Residential,2584 Josiah St,Daniel Island,SC,29492,1625000,5,4.0,Daniel Island,2474,4791,2017,6,657,86,Active,,,https://www.redfin.com/SC/Daniel-Island/2584-Josiah-St-29492/home/113428091,Charleston Trident MLS,26013670,N,Y,32.8391603,-79.9096764
MLS Listing,,Single Family Residential,1149 Bradford Ave,Charleston,SC,29412,580000,3,2.0,Mccalls Corner,1392,13939,1976,6,417,,Active,,,https://www.redfin.com/SC/Charleston/1149-Bradford-Ave-29412/home/87084706,Charleston Trident MLS,26013668,N,Y,32.7245667,-79.9661706
MLS Listing,,Single Family Residential,1635 Bull Creek Ln,Charleston,SC,29414,2650000,8,6.5,Bull Creek Peninsula,5770,17859,2007,6,459,23,Active,,,https://www.redfin.com/SC/Charleston/1635-Bull-Creek-Ln-29414/home/68932137,Charleston Trident MLS,26013664,N,Y,32.8292525,-80.0328151
MLS Listing,,Single Family Residential,1679 Seabago Dr,Charleston,SC,29414,620000,4,3.5,Boltons Landing,2710,6098,2014,6,229,,Active,,,https://www.redfin.com/SC/Charleston/1679-Seabago-Dr-29414/home/68711864,Charleston Trident MLS,26012887,N,Y,32.8119513,-80.1003133
MLS Listing,,Single Family Residential,2338 Maclaura Hall Ave,Charleston,SC,29414,1225000,5,3.5,Maclaura Hall,4015,20908,2000,6,305,35,Active,,,https://www.redfin.com/SC/Charleston/2338-Maclaura-Hall-Ave-29414/home/68925204,Charleston Trident MLS,26013493,N,Y,32.8579348,-80.0713499
MLS Listing,,Single Family Residential,18 Old English Dr,Charleston,SC,29407,1595500,6,5.0,Wespanee Plantation,5124,16552,1975,6,311,,Active,,,https://www.redfin.com/SC/Charleston/18-Old-English-Dr-29407/home/68622839,Charleston Trident MLS,26013608,N,Y,32.8009971,-79.9944513
MLS Listing,,Vacant Land,2363 Sol Legare Rd,Charleston,SC,29412,750000,,,Battery Island,,21780,,7,,,Active,,,https://www.redfin.com/SC/Charleston/2363-State-Road-S-10-432-29412/home/176483976,Charleston Trident MLS,26013642,N,Y,32.6714055,-79.9939135
MLS Listing,,Multi-Family (2-4 Unit),"21 Felix St Unit A,B",Charleston,SC,29403,1150000,,,51 - Peninsula Charleston Inside of Crosstown,,1742,1880,7,,,Active,,,https://www.redfin.com/SC/Charleston/21-Felix-St-29403/unit-A-B/home/201807172,Charleston Trident MLS,26013636,N,Y,32.7900016,-79.9440343
MLS Listing,,Condo/Co-op,536 Hayes Park Blvd,Johns Island,SC,29455,655000,3,2.5,Hayes Park,2170,3920,2025,7,302,,Active,,,https://www.redfin.com/SC/Johns-Island/536-Hayes-Park-Blvd-29455/home/199232694,Charleston Trident MLS,26013630,N,Y,32.7249787,-80.07792
MLS Listing,,Multi-Family (2-4 Unit),532/536 Hayes Pk Blvd,Johns Island,SC,29455,1310000,5,5.0,Hayes Park,4340,7840,2025,7,302,840,Active,,,https://www.redfin.com/SC/Johns-Island/532-Hayes-Park-Blvd-29455/home/198502200,Charleston Trident MLS,26013629,N,Y,32.724817,-80.077902
MLS Listing,,Condo/Co-op,45 East Bay St Unit A,Charleston,SC,29401,3000000,2,2.0,South of Broad,1722,,1838,7,1742,1111,Active,,,https://www.redfin.com/SC/Charleston/45-E-Battery-St-29401/unit-A/home/108037834,Charleston Trident MLS,26013627,N,Y,32.773484,-79.927665
MLS Listing,,Townhouse,298 Newtown Creek Dr,Charleston,SC,29412,765954,4,3.5,Crosscreek Walk,2335,1742,2026,7,328,250,Active,,,https://www.redfin.com/SC/Charleston/298-Newtown-Creek-DR-29412/home/200963967,Charleston Trident MLS,26013621,N,Y,32.761512756347656,-79.97708129882812
MLS Listing,,Townhouse,275 Newtown Creek Dr,Charleston,SC,29412,628430,4,3.5,Crosscreek Walk,2149,1742,2026,7,292,250,Active,,,https://www.redfin.com/SC/Charleston/275-Newtown-Creek-DR-29412/home/201677344,Charleston Trident MLS,26013612,N,Y,32.76007080078125,-79.9775390625
MLS Listing,,Townhouse,465 Caledon Ct,Johns Island,SC,29455,499990,4,3.5,Indigo Grove,2169,1306,2026,7,231,102,Active,,,https://www.redfin.com/SC/Johns-Island/465-Caledon-Ct-29455/home/200386964,Charleston Trident MLS,26013607,N,Y,32.7491601,-80.0311315
MLS Listing,,Townhouse,279 Newtown Creek Dr,Charleston,SC,29412,619276,4,3.5,Crosscreek Walk,2149,1742,2026,7,288,250,Active,,,https://www.redfin.com/SC/Charleston/279-Newtown-Creek-DR-29412/home/201677373,Charleston Trident MLS,26013606,N,Y,32.76016616821289,-79.9769058227539
MLS Listing,,Townhouse,271 Newtown Creek Dr,Charleston,SC,29412,668876,4,3.5,Crosscreek Walk,2163,1742,2026,7,309,250,Active,,,https://www.redfin.com/SC/Charleston/271-Newtown-Creek-DR-29412/home/201677369,Charleston Trident MLS,26013601,N,Y,32.75983428955078,-79.97737884521484
MLS Listing,,Townhouse,3 Stallion Ct,Charleston,SC,29407,420000,3,2.5,Marsh Cove,1677,5662,1983,7,250,75,Active,,,https://www.redfin.com/SC/Charleston/3-Stallion-Ct-29407/home/108165620,Charleston Trident MLS,26013597,N,Y,32.8166067,-80.0268271
MLS Listing,,Townhouse,283 Newtown Creek Dr,Charleston,SC,29412,673406,4,3.5,Crosscreek Walk,2163,1742,2026,7,311,250,Active,,,https://www.redfin.com/SC/Charleston/283-Newtown-Creek-DR-29412/home/201677333,Charleston Trident MLS,26013589,N,Y,32.76026916503906,-79.97703552246094
MLS Listing,,Single Family Residential,89 Ashley Ave,Charleston,SC,29401,6950000,5,5.5,Harleston Village,4298,5662,1838,7,1617,,Active,,,https://www.redfin.com/SC/Charleston/89-Ashley-Ave-29401/home/182578172,Charleston Trident MLS,26013579,N,Y,32.7794706,-79.9436076
MLS Listing,,Townhouse,286 Newtown Creek Dr,Charleston,SC,29412,672533,4,3.5,Crosscreek Walk,2195,1742,2026,7,306,250,Active,,,https://www.redfin.com/SC/Charleston/286-Newtown-Creek-DR-29412/home/200963980,Charleston Trident MLS,26013577,N,Y,32.76178741455078,-79.97677612304688
MLS Listing,,Townhouse,294 Newtown Creek Dr,Charleston,SC,29412,663801,4,3.5,Crosscreek Walk,2195,1742,2026,7,302,250,Active,,,https://www.redfin.com/SC/Charleston/294-Newtown-Creek-DR-29412/home/200964057,Charleston Trident MLS,26013570,N,Y,32.760555267333984,-79.97654724121094
MLS Listing,,Single Family Residential,2849 S Palmer Dr,Charleston,SC,29414,610000,3,2.5,Drayton On The Ashley,1932,16552,1966,7,316,,Active,,,https://www.redfin.com/SC/Charleston/2849-S-Palmer-Dr-29414/home/68931918,Charleston Trident MLS,26013569,N,Y,32.8455754,-80.0569024
MLS Listing,,Condo/Co-op,45 Sycamore Ave Apt 517,Charleston,SC,29407,385000,2,2.0,Concord West of The Ashley,1016,,1999,7,379,,Active,,,https://www.redfin.com/SC/Charleston/45-Sycamore-Ave-29407/unit-517/home/68894303,Charleston Trident MLS,26013565,N,Y,32.787292,-79.988134
MLS Listing,,Single Family Residential,820 Forrest Dr,Daniel Island,SC,29492,834900,3,2.5,Governors Cay,1632,7840,2020,7,512,78,Active,,,https://www.redfin.com/SC/Daniel-Island/820-Forrest-Dr-29492/home/172040869,Charleston Trident MLS,26013559,N,Y,32.8794206,-79.9257009
MLS Listing,,Single Family Residential,2041 Blue Bayou Blvd,Johns Island,SC,29455,650000,4,2.5,Twin Lakes,2318,3484,2318,8,280,80,Active,,,https://www.redfin.com/SC/Johns-Island/2041-Blue-Bayou-Blvd-29455/home/189365463,Charleston Trident MLS,26013545,N,Y,32.7316776,-80.0398783
MLS Listing,,Single Family Residential,5 Bull St,Charleston,SC,29401,1500000,5,2.5,Harleston Village,1632,1742,1870,8,919,,Active,,,https://www.redfin.com/SC/Charleston/5-Bull-St-29401/home/68665074,Charleston Trident MLS,26013531,N,Y,32.7830301,-79.9388168
MLS Listing,,Single Family Residential,3646 Hilton Dr,Johns Island,SC,29455,515000,4,2.0,Westland,1025,13939,1987,8,502,,Active,,,https://www.redfin.com/SC/Johns-Island/3646-Hilton-Dr-29455/home/108146094,Charleston Trident MLS,26013529,N,Y,32.7932746,-80.1096188
MLS Listing,,Single Family Residential,6 Beverly Rd,Charleston,SC,29407,1750000,3,3.5,Windermere,2417,6534,1988,8,724,,Active,,,https://www.redfin.com/SC/Charleston/6-Beverly-Rd-29407/home/108107773,Charleston Trident MLS,26013520,N,Y,32.7782368,-79.9749187
MLS Listing,,Condo/Co-op,247 Rutledge Ave Unit A,Charleston,SC,29403,1249000,4,3.0,Elliotborough,1396,1742,2014,9,895,,Active,,,https://www.redfin.com/SC/Charleston/247-Rutledge-Ave-29403/unit-A/home/178449518,Charleston Trident MLS,26013511,N,Y,32.791385,-79.948102
MLS Listing,,Single Family Residential,231 Black Powder Ln,Daniel Island,SC,29492,4350000,5,6.0,Daniel Island,3499,13939,2020,9,1243,90,Active,,,https://www.redfin.com/SC/Daniel-Island/231-Black-Powder-Ln-29492/home/164642154,Charleston Trident MLS,26013506,N,Y,32.8905276,-79.8987923
MLS Listing,,Condo/Co-op,260 Seven Farms Unit 202,Daniel Island,SC,29492,465000,2,2.0,Daniel Island,1225,,2005,9,380,524,Active,,,https://www.redfin.com/SC/Daniel-Island/260-Seven-Farms-Dr-29492/unit-202/home/68903181,Charleston Trident MLS,26013502,N,Y,32.8594567,-79.910269
MLS Listing,,Single Family Residential,1663 Pinckney Park Dr,Charleston,SC,29407,635000,3,2.0,Stono Park,1677,16988,1951,9,379,,Active,,,https://www.redfin.com/SC/Charleston/1663-Pinckney-Park-Dr-29407/home/87082356,Charleston Trident MLS,26013491,N,Y,32.784722,-80.0148308
MLS Listing,,Townhouse,2932 Cathedral Ln,Charleston,SC,29414,310000,3,2.5,Old Towne Villas,2067,1306,1982,9,150,250,Active,,,https://www.redfin.com/SC/Charleston/2932-Cathedral-Ln-29414/home/68811818,Charleston Trident MLS,26013490,N,Y,32.8430081,-80.0624129
MLS Listing,,Single Family Residential,27 Westside Dr,Charleston,SC,29412,799000,4,3.0,Crosscreek,2116,13939,1981,9,378,,Active,,,https://www.redfin.com/SC/Charleston/27-Westside-Dr-29412/home/68785908,Charleston Trident MLS,26013484,N,Y,32.7566127,-79.9799402
MLS Listing,,Townhouse,20 Charlestowne Ct,Charleston,SC,29401,1400000,3,2.5,Harleston Village,1488,1306,1966,9,941,85,Active,,,https://www.redfin.com/SC/Charleston/20-Charlestowne-Ct-29401/home/68700669,Charleston Trident MLS,26013483,N,Y,32.7780931,-79.9355309
MLS Listing,,Single Family Residential,2041 Woodland Shores Rd,Charleston,SC,29412,625000,3,2.0,Stono Shores,1428,10454,1990,9,438,,Active,,,https://www.redfin.com/SC/Charleston/2041-Woodland-Shores-Rd-29412/home/87091405,Charleston Trident MLS,26013477,N,Y,32.7482685,-79.9912622
MLS Listing,,Single Family Residential,33 Sheppard St,Charleston,SC,29403,825000,3,2.0,51 - Peninsula Charleston Inside of Crosstown,1193,2178,1885,9,692,,Active,,,https://www.redfin.com/SC/Charleston/33-Sheppard-St-29403/home/108174659,Charleston Trident MLS,26013476,N,Y,32.7970081,-79.940393
MLS Listing,,Single Family Residential,4 Mulroy Ct,Charleston,SC,29414,675000,3,2.5,Shadowmoss,2197,13939,1985,9,307,,Active,,,https://www.redfin.com/SC/Charleston/4-Mulroy-Ct-29414/home/68557781,Charleston Trident MLS,26013474,N,Y,32.8489287,-80.0755654
MLS Listing,,Single Family Residential,897 Kushiwah Creek Ct,Charleston,SC,29412,2900000,4,4.0,Stiles Point Plantation,3206,25700,1986,9,905,35,Active,,,https://www.redfin.com/SC/Charleston/897-Kushiwah-Creek-Ct-29412/home/68587756,Charleston Trident MLS,26012991,N,Y,32.7495456,-79.9261754
MLS Listing,,Single Family Residential,739 Shamrock Ln,Charleston,SC,29412,899000,4,3.0,Lawton Bluff,2475,15245,1965,10,363,,Active,,,https://www.redfin.com/SC/Charleston/739-Shamrock-Ln-29412/home/68589376,Charleston Trident MLS,26013459,N,Y,32.7463245,-79.9413512
MLS Listing,,Single Family Residential,1229 Winston St,Charleston,SC,29407,515000,2,2.5,Old Towne Acres,1154,14374,1950,10,446,,Active,,,https://www.redfin.com/SC/Charleston/1229-Winston-St-29407/home/108160399,Charleston Trident MLS,26013455,N,Y,32.7994349,-80.0009556
MLS Listing,,Single Family Residential,9 Watroo Pt,Daniel Island,SC,29492,3500000,4,4.5,Daniel Island Park,4093,14810,2003,10,855,90,Active,,,https://www.redfin.com/SC/Daniel-Island/9-Watroo-Pt-29492/home/68551345,Charleston Trident MLS,26013452,N,Y,32.8779437,-79.9114373
MLS Listing,,Single Family Residential,1516 Maple Grove Dr,Johns Island,SC,29455,650000,5,3.0,The Retreat at Johns Island,2268,9147,2012,10,287,30,Active,,,https://www.redfin.com/SC/Johns-Island/1516-Maple-Grove-Dr-29455/home/68933997,Charleston Trident MLS,26013432,N,Y,32.7278498,-80.0830075
MLS Listing,,Single Family Residential,424 Kandinsky St,Charleston,SC,29492,815000,3,2.5,Point Hope,2080,8712,2026,10,392,92,Active,,,https://www.redfin.com/SC/Charleston/424-Kandinsky-St-29492/home/200866862,Charleston Trident MLS,26013396,N,Y,32.919095,-79.858664
MLS Listing,,Single Family Residential,4 1/2 Kracke St,Charleston,SC,29403,995000,3,2.0,Cannonborough-Elliotborough,1428,3484,1890,10,697,,Active,,,https://www.redfin.com/SC/Charleston/4-1-2-Kracke-St-29403/home/201764255,Charleston Trident MLS,26013394,N,Y,32.7900219,-79.9493269
MLS Listing,,Condo/Co-op,2262 Folly Rd Unit 2j,Charleston,SC,29412,344900,2,2.0,Palmettos at Folly,768,,2003,10,449,550,Active,,,https://www.redfin.com/SC/Charleston/2262-Folly-Rd-29412/unit-2J/home/68541923,Charleston Trident MLS,26013377,N,Y,32.671459,-79.947671
MLS Listing,,Single Family Residential,1032 Avenue Of Oaks,Charleston,SC,29407,749900,3,2.5,Avenue of Oaks,1568,3049,2022,10,478,167,Active,,,https://www.redfin.com/SC/Charleston/1032-Ave-Of-Oaks-29407/home/182958833,Charleston Trident MLS,26013364,N,Y,32.7964163,-79.991522
MLS Listing,,Townhouse,36 Harleston Pl,Charleston,SC,29401,2200000,4,3.5,Harleston Place,2784,2178,1993,10,790,,Active,,,https://www.redfin.com/SC/Charleston/36-Harleston-Pl-29401/home/68675945,Charleston Trident MLS,26013361,N,Y,32.7775508,-79.9453341
MLS Listing,,Single Family Residential,113 Wando Reach Rd,Charleston,SC,29492,1175000,6,3.5,Wando Point,3489,8712,2023,10,337,63,Active,,,https://www.redfin.com/SC/Charleston/113-Wando-Reach-Rd-29492/home/68963536,Charleston Trident MLS,26013353,N,Y,32.9213317,-79.8452568
MLS Listing,,Single Family Residential,1864 Village Crossing Dr,Daniel Island,SC,29492,1224900,3,2.5,Daniel Island Smythe Park,2038,6534,2015,10,601,86,Active,,,https://www.redfin.com/SC/Daniel-Island/1864-Village-Crossing-Dr-29492/home/68556508,Charleston Trident MLS,26013334,N,Y,32.8404018,-79.9067982
MLS Listing,,Condo/Co-op,130 River Landing Dr Unit 2215,Daniel Island,SC,29492,315000,1,1.0,Daniels Landing,776,,2003,10,406,470,Active,,,https://www.redfin.com/SC/Daniel-Island/130-River-Landing-Dr-29492/unit-2215/home/85960233,Charleston Trident MLS,26013333,N,Y,32.857715,-79.903971
MLS Listing,,Townhouse,1823 Brittlebush Ln,Johns Island,SC,29455,439900,3,3.5,Whitney Lake,1796,2613,2010,10,245,313,Active,,,https://www.redfin.com/SC/Johns-Island/1823-Brittlebush-Ln-29455/home/68928878,Charleston Trident MLS,26013329,N,Y,32.7429718,-80.0551732
MLS Listing,,Single Family Residential,1882 Central Park Rd,Charleston,SC,29412,1300000,4,2.5,Fleming Park,2806,56628,1997,10,463,,Active,,,https://www.redfin.com/SC/Charleston/1882-Central-Park-Rd-29412/home/68974316,Charleston Trident MLS,26013318,N,Y,32.7465229,-79.9808854
MLS Listing,,Single Family Residential,1778 Dogwood Rd,Charleston,SC,29414,425000,3,2.0,Double Oaks,1304,7405,1987,10,326,,Active,,,https://www.redfin.com/SC/Charleston/1778-Dogwood-Rd-29414/home/68672294,Charleston Trident MLS,26013316,N,Y,32.8266208,-80.0377634
MLS Listing,,Single Family Residential,34 Rose Ln,Charleston,SC,29403,2150000,3,3.5,Cannonborough-Elliotborough,1850,1742,2022,10,1162,,Active,,,https://www.redfin.com/SC/Charleston/34-Rose-Ln-29403/home/108093844,Charleston Trident MLS,26013313,N,Y,32.7928148,-79.9465466
MLS Listing,,Single Family Residential,1912 Duford Rd,Johns Island,SC,29455,840000,4,2.5,Oakfield,3206,9147,2020,10,262,60,Active,,,https://www.redfin.com/SC/Johns-Island/1912-Duford-Rd-29455/home/199999121,Charleston Trident MLS,26013300,N,Y,32.7237246,-80.0430011
MLS Listing,,Vacant Land,791 Hughes Rd,Johns Island,SC,29455,525000,,,12 - West of the Ashley Outside I-526,,60983,,10,,,Active,,,https://www.redfin.com/SC/Johns-Island/791-Hughes-Rd-29455/home/87080981,Charleston Trident MLS,26013293,N,Y,32.8083166,-80.1335456
MLS Listing,,Townhouse,122 Howard Mary Dr Unit A,Charleston,SC,29412,715000,3,3.0,Sable On The Marsh,1664,,2019,10,430,610,Active,,,https://www.redfin.com/SC/Charleston/122-Howard-Mary-Dr-29412/unit-A/home/182743446,Charleston Trident MLS,26013291,N,Y,32.6853577,-79.9576249
MLS Listing,,Single Family Residential,279 Coming St,Charleston,SC,29403,1899000,9,6.0,Cannonborough-Elliotborough,2100,4356,1852,10,904,,Active,,,https://www.redfin.com/SC/Charleston/279-Coming-St-29403/home/68907798,Charleston Trident MLS,26013290,N,Y,32.7946861,-79.945507
MLS Listing,,Single Family Residential,1754 Towne St,Johns Island,SC,29455,500000,3,2.5,The Cottages at Johns Island,1886,3920,2011,10,265,48,Active,,,https://www.redfin.com/SC/Johns-Island/1754-Towne-St-29455/home/68875156,Charleston Trident MLS,26013282,N,Y,32.7438507,-80.0444784
MLS Listing,,Single Family Residential,1557 Nautical Chart Dr,Charleston,SC,29414,749900,4,3.5,Boltons Landing,3440,7840,2011,11,218,63,Active,,,https://www.redfin.com/SC/Charleston/1557-Nautical-Chart-Dr-29414/home/68891234,Charleston Trident MLS,26013281,N,Y,32.8084034,-80.0943409
MLS Listing,,Single Family Residential,149 Country Oaks Ln,Charleston,SC,29492,650000,4,2.5,Creekside at Beresford,2114,6969,2021,11,307,63,Active,,,https://www.redfin.com/SC/Charleston/149-Country-Oaks-Ln-29492/home/169218596,Charleston Trident MLS,26012884,N,Y,32.8950473,-79.9177787
MLS Listing,,Condo/Co-op,300 Bucksley Ln Unit 302,Daniel Island,SC,29492,450000,3,2.0,254 Seven Farms Drive,1280,,2005,11,352,528,Active,,,https://www.redfin.com/SC/Daniel-Island/300-Bucksley-Ln-29492/unit-302/home/68575315,Charleston Trident MLS,26013243,N,Y,32.8602418,-79.9104
MLS Listing,,Condo/Co-op,305 Livewell Ct,Johns Island,SC,29455,599900,2,2.5,Hayes Park,1378,4356,2026,11,435,420,Active,,,https://www.redfin.com/SC/Johns-Island/305-Livewell-Ct-29455/home/201742540,Charleston Trident MLS,26013239,N,Y,32.7256582,-80.0763392
MLS Listing,,Vacant Land,0 Marshfield Rd,Charleston,SC,29455,975000,,,Marshfield,,1208790,,11,,,Active,,,https://www.redfin.com/SC/Charleston/Marshfield-Rd-29455/home/68960629,Charleston Trident MLS,26013234,N,Y,32.795045,-80.111004
MLS Listing,,Single Family Residential,361 Glide Slope St,Charleston,SC,29492,994000,4,3.0,Point Hope,2702,7840,2026,11,368,117,Active,,,https://www.redfin.com/SC/Charleston/361-Glide-Slope-St-29492/home/199733029,Charleston Trident MLS,26013228,N,Y,32.918836,-79.858141
MLS Listing,,Single Family Residential,2725 August Rd,Johns Island,SC,29455,595000,3,2.5,Whitney Lake,1721,5227,2021,11,346,60,Active,,,https://www.redfin.com/SC/Johns-Island/2725-August-Rd-29455/home/183677301,Charleston Trident MLS,26013227,N,Y,32.7437265,-80.0586388
MLS Listing,,Condo/Co-op,309 Livewell Ct,Johns Island,SC,29455,669900,3,2.5,Hayes Park,1995,4356,2026,11,336,420,Active,,,https://www.redfin.com/SC/Johns-Island/309-Livewell-Ct-29455/home/201741628,Charleston Trident MLS,26013211,N,Y,32.7256648,-80.0764543
MLS Listing,,Single Family Residential,67 Warren St,Charleston,SC,29403,4200000,6,5.5,Radcliffeborough,5800,10454,1878,11,724,,Active,,,https://www.redfin.com/SC/Charleston/67-Warren-St-29403/home/68553984,Charleston Trident MLS,26013209,N,Y,32.7867971,-79.9418175
MLS Listing,,Single Family Residential,3645 Moonglow Dr,Johns Island,SC,29455,1199500,3,3.0,Sunset Shores,2176,19166,2016,11,551,,Active,,,https://www.redfin.com/SC/Johns-Island/3645-Moonglow-Dr-29455/home/87095458,Charleston Trident MLS,26013165,N,Y,32.7892403,-80.110072
MLS Listing,,Single Family Residential,38 Nats Ct Unit 12,Charleston,SC,29403,1059990,4,3.5,Grants Court,2016,,2025,11,526,220,Active,,,https://www.redfin.com/SC/Charleston/38-Nats-Ct-29403/unit-12/home/201739332,Charleston Trident MLS,26013164,N,Y,32.7935542,-79.9500531
MLS Listing,,Single Family Residential,1147 Blakeway St,Daniel Island,SC,29492,1985000,5,3.5,Daniel Island,3632,7405,2004,11,547,86,Active,,,https://www.redfin.com/SC/Daniel-Island/1147-Blakeway-St-29492/home/85960275,Charleston Trident MLS,26013136,N,Y,32.850171,-79.9147828
MLS Listing,,Single Family Residential,5016 Gum Tree Ln,Johns Island,SC,29455,849500,5,4.0,The Retreat at Brownswood,3392,8276,2022,11,250,75,Active,,,https://www.redfin.com/SC/Johns-Island/5016-Gum-Tree-Ln-29455/home/201738165,Charleston Trident MLS,26013134,N,Y,32.7531717,-80.0689857
MLS Listing,,Single Family Residential,205 Line St,Charleston,SC,29403,995000,3,2.5,Westside,1642,3049,2020,11,606,,Active,,,https://www.redfin.com/SC/Charleston/205-Line-St-29403/home/167876255,Charleston Trident MLS,26013131,N,Y,32.791391,-79.9515932
MLS Listing,,Single Family Residential,1178 Pittsford Cir,Charleston,SC,29412,735000,3,2.5,Queensborough,1704,18730,1998,11,431,,Active,,,https://www.redfin.com/SC/Charleston/1178-Pittsford-Cir-29412/home/68752480,Charleston Trident MLS,26013129,N,Y,32.7233045,-79.9693412
MLS Listing,,Single Family Residential,1443 Headquarters Plantation Dr,Johns Island,SC,29455,1860000,4,4.0,Headquarters Plantation,3031,18730,2021,11,614,91,Active,,,https://www.redfin.com/SC/Johns-Island/1443-Headquarters-Plantation-Dr-29455/home/87092114,Charleston Trident MLS,26013119,N,Y,32.7646962,-80.0342944
MLS Listing,,Condo/Co-op,1406 Dove Run Dr Unit A,Charleston,SC,29412,299900,2,1.5,Creek Point,1038,,1985,11,289,250,Active,,,https://www.redfin.com/SC/Charleston/1406-Dove-Run-Dr-29412/unit-A/home/68686904,Charleston Trident MLS,26013116,N,Y,32.7316188,-79.9581993
MLS Listing,,Single Family Residential,206 Port Tack Dr,Charleston,SC,29492,800000,3,3.5,Wando Village,2870,5662,2022,11,279,98,Active,,,https://www.redfin.com/SC/Charleston/206-Port-Tack-Dr-29492/home/180410464,Charleston Trident MLS,26013106,N,Y,32.927411,-79.820375
MLS Listing,,Townhouse,1433 Nautical Chart Dr,Charleston,SC,29414,445000,3,2.5,Boltons Landing,1706,2178,2010,11,261,187,Active,,,https://www.redfin.com/SC/Charleston/1433-Nautical-Chart-Dr-29414/home/68702932,Charleston Trident MLS,26013080,N,Y,32.810898,-80.098999
MLS Listing,,Single Family Residential,1822 Grovehurst Dr,Charleston,SC,29414,799000,3,2.5,Carolina Bay,2308,5662,2016,11,346,60,Active,,,https://www.redfin.com/SC/Charleston/1822-Grovehurst-Dr-29414/home/107614481,Charleston Trident MLS,26013013,N,Y,32.8067317,-80.0731599
MLS Listing,,Single Family Residential,2302 Town Woods Rd,Charleston,SC,29414,569900,3,2.5,Church Creek Landing,2206,6098,2019,12,258,45,Active,,,https://www.redfin.com/SC/Charleston/2302-Town-Woods-Rd-29414/home/170483484,Charleston Trident MLS,26013103,N,Y,32.835502,-80.04317
MLS Listing,,Townhouse,804 Kings Oak Ct Unit 4,Daniel Island,SC,29492,579900,2,2.5,Governors Cay,1791,,2021,12,324,423,Active,,,https://www.redfin.com/SC/Daniel-Island/804-Kings-Oak-Ct-29492/unit-4/home/180583225,Charleston Trident MLS,26013098,N,Y,32.8812885,-79.9267436
MLS Listing,,Single Family Residential,496 Minim St,Charleston,SC,29414,540000,5,2.5,Grand Bees,2281,7405,2022,12,237,71,Active,,,https://www.redfin.com/SC/Charleston/496-Minim-St-29414/home/179363436,Charleston Trident MLS,26013092,N,Y,32.8273,-80.1004
MLS Listing,,Townhouse,101 Rowans Creek Dr,Charleston,SC,29492,480000,3,2.5,The Marshes at Cooper River,1988,,2019,12,241,297,Active,,,https://www.redfin.com/SC/Charleston/101-Rowans-Creek-Dr-29492/home/169218458,Charleston Trident MLS,26013068,N,Y,32.900958,-79.918866
MLS Listing,,Single Family Residential,609 King Haven Ln,Johns Island,SC,29455,1300000,4,4.5,Grimball Gates,3528,12632,2007,12,368,665,Active,,,https://www.redfin.com/SC/Johns-Island/609-King-Haven-Ln-29455/home/68874875,Charleston Trident MLS,26013060,N,Y,32.7783307,-80.1098682
MLS Listing,,Single Family Residential,1411 River Front Dr,Charleston,SC,29407,495000,2,2.0,Orange Grove Estates,1301,10018,2000,12,380,,Active,,,https://www.redfin.com/SC/Charleston/1411-River-Front-Dr-29407/home/68931390,Charleston Trident MLS,26013041,N,Y,32.8170547,-80.0036237
MLS Listing,,Single Family Residential,1552 Keswick Dr,Johns Island,SC,29455,615000,3,2.5,Fenwick Hills,1596,16552,2016,12,385,,Active,,,https://www.redfin.com/SC/Johns-Island/1552-Keswick-Dr-29455/home/102176560,Charleston Trident MLS,26013038,N,Y,32.7340337,-80.0749392
MLS Listing,,Single Family Residential,717 Hartey St,Charleston,SC,29492,7390000,6,6.0,Daniel Island,5616,20473,2026,12,1316,90,Active,,,https://www.redfin.com/SC/Charleston/717-Hartey-ST-29492/home/201715354,Charleston Trident MLS,26012988,N,Y,32.890255,-79.892327
MLS Listing,,Single Family Residential,777 Tennent St,Charleston,SC,29412,2100000,5,4.5,Clearview,3599,13939,1971,12,583,,Active,,,https://www.redfin.com/SC/Charleston/777-Tennent-St-29412/home/68555648,Charleston Trident MLS,26012970,N,Y,32.7496472,-79.9229562
MLS Listing,,Townhouse,123 Fulmar Pl,Charleston,SC,29414,494000,3,2.5,Grand Oaks Plantation,2064,4356,2016,12,239,225,Active,,,https://www.redfin.com/SC/Charleston/123-Fulmar-Pl-29414/home/102907163,Charleston Trident MLS,26012965,N,Y,32.8322769,-80.0871538
MLS Listing,,Single Family Residential,2161 Welch Ave,Charleston,SC,29412,799000,3,2.0,Riverland Terrace,1404,6098,1957,12,569,,Active,,,https://www.redfin.com/SC/Charleston/2161-Welch-Ave-29412/home/108100279,Charleston Trident MLS,26012966,N,Y,32.758947,-79.9971581
MLS Listing,,Single Family Residential,1417 Roustabout Way,Charleston,SC,29414,525000,3,2.5,Boltons Landing,1818,6098,2012,12,289,44,Active,,,https://www.redfin.com/SC/Charleston/1417-Roustabout-Way-29414/home/68712184,Charleston Trident MLS,26012959,N,Y,32.8089907,-80.1010501
MLS Listing,,Single Family Residential,3027 Baltimore St,Daniel Island,SC,29492,1350000,4,3.5,Daniel Island,1754,8712,2004,12,770,,Active,,,https://www.redfin.com/SC/Daniel-Island/3027-Baltimore-St-29492/home/68731781,Charleston Trident MLS,26012953,N,Y,32.8499377,-79.9135582
MLS Listing,,Vacant Land,1108 Saint Thomas Island Dr,Charleston,SC,29492,1200000,,,78 - Wando/Cainhoy,,81457,,13,,,Active,,,https://www.redfin.com/SC/Charleston/1108-Saint-Thomas-Island-Dr-29492/home/164628770,Charleston Trident MLS,26012910,N,Y,32.871208,-79.9229
MLS Listing,,Single Family Residential,1135 Oak Bluff Ave,Charleston,SC,29492,820000,3,2.5,Oak Bluff,2416,5662,2020,13,339,73,Active,,,https://www.redfin.com/SC/Charleston/1135-Oak-Bluff-Ave-29492/home/169218386,Charleston Trident MLS,26012897,N,Y,32.930235,-79.8351887
MLS Listing,,Condo/Co-op,1530 Fort Johnson Apt 1k,Charleston,SC,29412,215000,2,1.5,Brigadier Condominium,1160,,1985,13,185,525,Active,,,https://www.redfin.com/SC/Charleston/1530-Fort-Johnson-Rd-29412/unit-1K/home/87096527,Charleston Trident MLS,26012893,N,Y,32.719522,-79.961989
MLS Listing,,Condo/Co-op,125 Meeting St Unit D,Charleston,SC,29401,840000,1,1.0,French Quarter,1070,,1870,13,785,464,Active,,,https://www.redfin.com/SC/Charleston/125-Meeting-St-29401/unit-D/home/172950279,Charleston Trident MLS,26012880,N,Y,32.7782389,-79.9314669
MLS Listing,,Townhouse,14 Wappoo Creek Pl,Charleston,SC,29412,810000,3,2.5,Wappoo Creek Place,2224,,1983,13,364,1134,Active,,,https://www.redfin.com/SC/Charleston/14-Wappoo-Creek-Pl-29412/home/182669907,Charleston Trident MLS,26012878,N,Y,32.7642169,-79.976995
MLS Listing,,Single Family Residential,164 Etiwan Park St,Daniel Island,SC,29492,1290000,3,2.5,Daniel Island,2512,5227,1999,13,514,86,Active,,,https://www.redfin.com/SC/Daniel-Island/164-Etiwan-Park-St-29492/home/68869672,Charleston Trident MLS,26012874,N,Y,32.8583448,-79.9179067
MLS Listing,,Single Family Residential,928 Ashley Ave,Charleston,SC,29403,1399000,3,3.0,Wagener Terrace,2044,5662,1935,14,684,,Active,,,https://www.redfin.com/SC/Charleston/928-Ashley-Ave-29403/home/87086493,Charleston Trident MLS,26012710,N,Y,32.8080891,-79.9562456
MLS Listing,,Single Family Residential,1414 Orange Grove Rd,Charleston,SC,29407,419000,2,1.5,11 - West of the Ashley Inside I-526,1313,10018,1944,14,319,,Active,,,https://www.redfin.com/SC/Charleston/1414-Orange-Grove-Rd-29407/home/108090832,Charleston Trident MLS,26012823,N,Y,32.8154795,-80.0026715
MLS Listing,,Single Family Residential,1135 Greenhill Rd,Charleston,SC,29412,599900,4,4.0,Royal,1452,20037,1958,14,413,,Active,,,https://www.redfin.com/SC/Charleston/1135-Greenhill-Rd-29412/home/87085004,Charleston Trident MLS,26012816,N,Y,32.7330094,-79.942792
MLS Listing,,Multi-Family (2-4 Unit),7 Kyle Pl,Charleston,SC,29403,1100000,4,4.0,Wagener Terrace,1296,2613,1940,14,849,,Active,,,https://www.redfin.com/SC/Charleston/7-Kyle-Pl-29403/home/103659717,Charleston Trident MLS,26012813,N,Y,32.8052485,-79.9546972
MLS Listing,,Vacant Land,921 Fish Camp Rd,Daniel Island,SC,29492,5695000,,,Daniel Island,,38768,,14,,,Active,,,https://www.redfin.com/SC/Daniel-Island/921-Fish-Camp-Rd-29492/home/191884980,Charleston Trident MLS,26012803,N,Y,32.894583,-79.890824
MLS Listing,,Single Family Residential,1576 Terns Nest Rd,Charleston,SC,29412,785000,3,2.5,Riverfront,1773,6098,1994,14,443,,Active,,,https://www.redfin.com/SC/Charleston/1576-Terns-Nest-Rd-29412/home/68774095,Charleston Trident MLS,26012792,N,Y,32.6902826,-79.9541271
MLS Listing,,Single Family Residential,1631 Bee Balm Rd,Johns Island,SC,29455,615000,4,3.5,St. Johns Crossing,2484,5662,2013,14,248,,Active,,,https://www.redfin.com/SC/Johns-Island/1631-Bee-Balm-Rd-29455/home/68912286,Charleston Trident MLS,26012790,N,Y,32.7505913,-80.0456116
MLS Listing,,Multi-Family (5+ Unit),267 Rutledge Ave,Charleston,SC,29403,4099000,9,11.5,Elliotborough,6747,6534,1890,14,608,,Active,,,https://www.redfin.com/SC/Charleston/267-Rutledge-Ave-29403/home/182671000,Charleston Trident MLS,26012788,N,Y,32.7925992,-79.9486125
MLS Listing,,Single Family Residential,41 Chapel St,Charleston,SC,29403,1995000,4,3.0,Wraggborough,2400,4356,1830,14,831,13,Active,,,https://www.redfin.com/SC/Charleston/41-Chapel-St-29403/home/182665478,Charleston Trident MLS,26012766,N,Y,32.790173,-79.9326023
MLS Listing,,Single Family Residential,21 E Battery,Charleston,SC,29401,14000000,7,8.0,South of Broad,13462,16988,1825,14,1040,,Active,,,https://www.redfin.com/SC/Charleston/21-E-Battery-St-29401/home/164561471,Charleston Trident MLS,26012755,N,Y,32.771684,-79.928458
MLS Listing,,Single Family Residential,22 Rutledge Ave,Charleston,SC,29401,7485000,6,6.0,Harleston Village,6382,12632,1902,14,1173,,Active,,,https://www.redfin.com/SC/Charleston/22-Rutledge-Ave-29401/home/108040937,Charleston Trident MLS,26012051,N,Y,32.7760212,-79.9394981
MLS Listing,,Single Family Residential,121 Berkshire Dr,Charleston,SC,29492,1249000,5,4.0,St. Thomas Point,4482,15245,1999,15,279,61,Active,,,https://www.redfin.com/SC/Charleston/121-Berkshire-Dr-29492/home/68813938,Charleston Trident MLS,26012732,N,Y,32.9232462,-79.8440729
MLS Listing,,Single Family Residential,39 Society St,Charleston,SC,29401,4995000,4,4.5,Ansonborough,3989,3920,1840,16,1252,,Active,,,https://www.redfin.com/SC/Charleston/39-Society-St-29401/home/68554945,Charleston Trident MLS,26012703,N,Y,32.7846686,-79.930155
MLS Listing,,Single Family Residential,1326 Stoney St,Charleston,SC,29407,575000,3,2.0,Memminger Hall,1626,9583,1957,16,354,,Active,,,https://www.redfin.com/SC/Charleston/1326-Stoney-St-29407/home/68658162,Charleston Trident MLS,26012702,N,Y,32.8045118,-80.0088068
MLS Listing,,Single Family Residential,18 Iron Forge Aly,Charleston,SC,29403,985000,3,2.5,51 - Peninsula Charleston Inside of Crosstown,1444,1306,2023,16,682,50,Active,,,https://www.redfin.com/SC/Charleston/18-Iron-Forge-Aly-29403/home/184697568,Charleston Trident MLS,26012688,N,Y,32.7961237,-79.9386363
MLS Listing,,Single Family Residential,1075 Barfield St,Daniel Island,SC,29492,1375000,4,3.5,Daniel Island,2765,7840,2001,17,497,86,Active,,,https://www.redfin.com/SC/Daniel-Island/1075-Barfield-St-29492/home/68848623,Charleston Trident MLS,26012660,N,Y,32.8556389,-79.9129976
MLS Listing,,Single Family Residential,3115 Conservancy Ln,Charleston,SC,29414,674900,5,2.5,Carolina Bay,3630,8276,2010,17,186,60,Active,,,https://www.redfin.com/SC/Charleston/3115-Conservancy-Ln-29414/home/68726523,Charleston Trident MLS,26012659,N,Y,32.8130714,-80.0823135
MLS Listing,,Townhouse,302 Island Park Dr,Daniel Island,SC,29492,2150000,5,5.0,Daniel Island,3000,,2013,17,717,639,Active,,,https://www.redfin.com/SC/Daniel-Island/302-Island-Park-Dr-29492/home/68911793,Charleston Trident MLS,26012656,N,Y,32.8806224,-79.8952249
MLS Listing,,Townhouse,1623 Cristalino Cir,Charleston,SC,29414,470000,4,3.0,Carolina Bay,2192,2613,2010,17,214,291,Active,,,https://www.redfin.com/SC/Charleston/1623-Cristalino-Cir-29414/home/68628064,Charleston Trident MLS,26012635,N,Y,32.8008614,-80.0813843
MLS Listing,,Townhouse,471 Caledon Ct,Johns Island,SC,29455,538990,4,3.5,Indigo Grove,2104,1306,2026,17,256,100,Active,,,https://www.redfin.com/SC/Johns-Island/471-Caledon-Ct-29455/home/201671822,Charleston Trident MLS,26012625,N,Y,32.749293,-80.0312769
MLS Listing,,Single Family Residential,2701 Sunrose Ln,Johns Island,SC,29455,675000,4,3.0,Woodbury Park,2672,9147,2019,17,253,119,Active,,,https://www.redfin.com/SC/Johns-Island/2701-Sunrose-LN-29455/home/163749678,Charleston Trident MLS,26012622,N,Y,32.741216,-80.061623
MLS Listing,,Townhouse,425 Caledon Ct,Johns Island,SC,29455,523990,4,3.5,Indigo Grove,2141,1306,2026,17,245,100,Active,,,https://www.redfin.com/SC/Johns-Island/425-Caledon-Ct-29455/home/201203479,Charleston Trident MLS,26012621,N,Y,32.7483099,-80.0319993
MLS Listing,,Single Family Residential,258 Coming St,Charleston,SC,29403,2500000,5,4.5,Cannonborough-Elliotborough,2864,3484,1890,17,873,,Active,,,https://www.redfin.com/SC/Charleston/258-Coming-St-29403/home/68704085,Charleston Trident MLS,26012617,N,Y,32.7935079,-79.9443703
MLS Listing,,Single Family Residential,659 Island Park Dr,Daniel Island,SC,29492,3350000,4,4.5,77 - Daniel Island,4267,13503,2005,17,785,90,Active,,,https://www.redfin.com/SC/Daniel-Island/659-Island-Park-Dr-29492/home/68857665,Charleston Trident MLS,26012085,N,Y,32.8757435,-79.9066415
MLS Listing,,Single Family Residential,9 Windsor Dr,Charleston,SC,29407,925000,3,3.0,Parkshore III,2458,13503,1978,17,376,,Active,,,https://www.redfin.com/SC/Charleston/9-Windsor-Dr-29407/home/108086676,Charleston Trident MLS,26012604,N,Y,32.8275078,-79.9869142
MLS Listing,,Single Family Residential,1552 N Avalon Cir,Charleston,SC,29407,799000,3,2.5,Orange Grove Estates,2028,6098,2026,17,394,,Active,May-20-2026 05:30 PM,May-20-2026 08:00 PM,https://www.redfin.com/SC/Charleston/1552-N-Avalon-Cir-29407/home/195251237,Charleston Trident MLS,26012602,N,Y,32.8131723,-80.0112797
MLS Listing,,Townhouse,2 Gadsden St Unit D,Charleston,SC,29401,1300000,3,2.5,Harleston Village,1404,1742,1973,17,926,,Active,,,https://www.redfin.com/SC/Charleston/2-Gadsden-St-29401/unit-D/home/68689636,Charleston Trident MLS,26012484,N,Y,32.7770367,-79.943562
MLS Listing,,Single Family Residential,58 Avondale Ave,Charleston,SC,29407,595000,2,1.0,Avondale,961,7840,1948,17,619,,Active,,,https://www.redfin.com/SC/Charleston/58-Avondale-Ave-29407/home/108146167,Charleston Trident MLS,26012553,N,Y,32.7883924,-79.9858141
MLS Listing,,Single Family Residential,38 Crosscreek Dr,Charleston,SC,29412,929000,3,2.0,Crosscreek,2584,17424,1988,17,360,,Active,,,https://www.redfin.com/SC/Charleston/38-Crosscreek-Dr-29412/home/68638695,Charleston Trident MLS,26012552,N,Y,32.7581942,-79.9786824
MLS Listing,,Single Family Residential,1365 Ashley Garden Blvd,Charleston,SC,29414,550000,3,2.0,Grand Oaks Plantation,2060,10454,2007,17,267,,Active,,,https://www.redfin.com/SC/Charleston/1365-Ashley-Garden-Blvd-29414/home/108187187,Charleston Trident MLS,26012550,N,Y,32.8377893,-80.0984958
MLS Listing,,Single Family Residential,606 Bramblewood Ct,Charleston,SC,29414,460000,3,2.0,Grand Bees,1572,9147,2020,17,293,71,Active,,,https://www.redfin.com/SC/Charleston/606-Bramblewood-Ct-29414/home/171170008,Charleston Trident MLS,26012541,N,Y,32.8219849,-80.1008269
MLS Listing,,Single Family Residential,381 Sumter St,Charleston,SC,29403,695000,2,2.0,Westside,782,2178,1930,17,889,,Active,,,https://www.redfin.com/SC/Charleston/381-Sumter-St-29403/home/68546901,Charleston Trident MLS,26012536,N,Y,32.7954204,-79.9509093
MLS Listing,,Single Family Residential,2019 Riverbend Dr,Charleston,SC,29412,1076000,5,3.5,Riverbend,3306,16117,2026,17,325,276,Active,,,https://www.redfin.com/SC/Charleston/2019-River-Bend-Dr-29412/home/200163843,Charleston Trident MLS,26012530,N,Y,32.7034184,-79.9818966
MLS Listing,,Single Family Residential,2008 Riverbend Dr,Charleston,SC,29412,999000,4,3.5,Riverbend,2964,14810,2026,17,337,276,Active,,,https://www.redfin.com/SC/Charleston/2008-River-Bend-Dr-29412/home/200368737,Charleston Trident MLS,26012527,N,Y,32.703563,-79.9810127
MLS Listing,,Townhouse,214 Twinleaf Ct,Charleston,SC,29414,575000,3,2.5,Ashley Walk Townes,2320,3049,2026,17,248,,Active,,,https://www.redfin.com/SC/Charleston/214-Twinleaf-Ct-29414/home/201662417,Charleston Trident MLS,26012525,N,Y,32.8158271,-80.0877992
MLS Listing,,Single Family Residential,1011 Harbortowne Rd,Charleston,SC,29412,730000,3,2.5,Harbor Woods,1750,11761,1982,17,417,,Active,,,https://www.redfin.com/SC/Charleston/1011-Harbortowne-Rd-29412/home/108063461,Charleston Trident MLS,26012521,N,Y,32.7349901,-79.9373615
MLS Listing,,Single Family Residential,3503 Singletary Ct,Johns Island,SC,29455,525000,3,2.5,Maybank Village,1816,6098,2015,17,289,43,Active,,,https://www.redfin.com/SC/Johns-Island/3503-Singletary-Ct-29455/home/87956130,Charleston Trident MLS,26012518,N,Y,32.7290238,-80.0576618
MLS Listing,,Single Family Residential,532 Fleming Rd,Charleston,SC,29412,1635000,6,5.5,21 - James Island,3150,13939,2024,17,519,,Active,,,https://www.redfin.com/SC/Charleston/532-Fleming-Rd-29412/home/108058488,Charleston Trident MLS,26012305,N,Y,32.7488034,-79.982374
MLS Listing,,Single Family Residential,1205 Crooked Oak Rd,Charleston,SC,29492,650000,3,2.5,Oak Bluff,1920,3920,2024,17,339,73,Active,May-24-2026 01:00 PM,May-24-2026 04:00 PM,https://www.redfin.com/SC/Charleston/1205-Crooked-Oak-Rd-29492/home/185369231,Charleston Trident MLS,26011941,N,Y,32.932956,-79.835336
MLS Listing,,Single Family Residential,619 Beaten Path,Charleston,SC,29412,1100000,4,2.5,Fox Hollow,2473,9147,2015,17,445,,Active,,,https://www.redfin.com/SC/Charleston/619-Beaten-Path-29412/home/87094524,Charleston Trident MLS,26012299,N,Y,32.7491069,-79.9933575
MLS Listing,,Vacant Land,2035 Sol Legare Rd,Charleston,SC,29412,985500,,,21 - James Island,,735728,,18,,,Active,,,https://www.redfin.com/SC/Charleston/2035-Sol-Legare-Rd-29412/home/145323885,Charleston Trident MLS,26012482,N,Y,32.6756002,-79.9786347
MLS Listing,,Single Family Residential,1121 Beresford Run,Charleston,SC,29492,1299000,5,4.0,Beresford Creek Landing,3157,15245,2001,18,411,150,Active,,,https://www.redfin.com/SC/Charleston/1121-Beresford-Run-29492/home/68747095,Charleston Trident MLS,26012477,N,Y,32.8866019,-79.9192068
MLS Listing,,Vacant Land,0 Sol Legare Rd,Charleston,SC,29412,400000,,,Sol Legare,,119790,,18,,,Active,,,https://www.redfin.com/SC/Charleston/Sol-Legare-Rd-29412/home/87096243,Charleston Trident MLS,26012474,N,Y,32.671241,-79.995251
MLS Listing,,Townhouse,4 Exchange St,Charleston,SC,29401,3800000,2,2.5,South of Broad,2000,,2025,18,1900,,Active,,,https://www.redfin.com/SC/Charleston/4-Exchange-St-29401/home/108183455,Charleston Trident MLS,26012468,N,Y,32.7768942,-79.9256374
MLS Listing,,Single Family Residential,9 Lapp's Ct,Charleston,SC,29403,924900,3,2.5,Eastside,1502,1742,2026,18,616,,Active,,,https://www.redfin.com/SC/Charleston/9-Lapp-s-Ct-29403/home/201652243,Charleston Trident MLS,26012463,N,Y,32.7954368,-79.9345313
MLS Listing,,Single Family Residential,11 Lapp's Ct,Charleston,SC,29403,924900,3,2.5,Eastside,1502,1742,2026,18,616,,Active,,,https://www.redfin.com/SC/Charleston/11-Lapp-s-Ct-29403/home/201652242,Charleston Trident MLS,26012462,N,Y,32.7955224,-79.9345727
MLS Listing,,Single Family Residential,1395 Harbor View Rd,Charleston,SC,29412,1825000,4,3.0,Harbor View Oaks,2030,19602,2022,18,899,83,Active,,,https://www.redfin.com/SC/Charleston/1395-Harbor-View-Rd-29412/home/113158345,Charleston Trident MLS,26011839,N,Y,32.7557995,-79.9592482
MLS Listing,,Single Family Residential,1318 Foster St,Charleston,SC,29407,645000,4,3.0,Memminger Hall,2268,12632,1960,18,284,,Active,,,https://www.redfin.com/SC/Charleston/1318-Foster-St-29407/home/87096280,Charleston Trident MLS,26012448,N,Y,32.8038701,-80.0097014
MLS Listing,,Townhouse,116 Buttercup Way,Charleston,SC,29414,478236,4,3.0,Ashley Walk Townes,2148,2613,2026,18,223,206,Active,,,https://www.redfin.com/SC/Charleston/116-Buttercup-Blvd-29414/home/201651134,Charleston Trident MLS,26012435,N,Y,32.8175033,-80.0896945
MLS Listing,,Single Family Residential,1042 Striped Ln,Johns Island,SC,29455,525000,3,2.5,Riverview Estates,1702,10890,2020,18,308,60,Active,,,https://www.redfin.com/SC/Johns-Island/1042-Striped-LN-29455/home/171820517,Charleston Trident MLS,26012433,N,Y,32.755176,-80.054933
MLS Listing,,Single Family Residential,2143 Pinehurst Ave,Charleston,SC,29414,450000,3,2.5,Canterbury Woods,1818,13503,1989,18,248,40,Active,,,https://www.redfin.com/SC/Charleston/2143-Pinehurst-Ave-29414/home/68620083,Charleston Trident MLS,26012426,N,Y,32.8373853,-80.0598366
MLS Listing,,Single Family Residential,1949 Swift Ave,Charleston,SC,29407,524000,3,3.0,Air Harbor,1233,10018,1959,18,425,,Active,,,https://www.redfin.com/SC/Charleston/1949-Swift-Ave-29407/home/68737386,Charleston Trident MLS,26012424,N,Y,32.7815284,-80.0264799
MLS Listing,,Single Family Residential,18 Riverdale Dr,Charleston,SC,29407,1550000,3,2.5,Avondale,2625,11325,2024,18,590,,Active,,,https://www.redfin.com/SC/Charleston/18-Riverdale-Dr-29407/home/108134583,Charleston Trident MLS,26012418,N,Y,32.7842977,-79.9817904
MLS Listing,,Single Family Residential,78 Halsey Blvd,Charleston,SC,29401,3800000,4,4.5,Harleston Village,3290,8276,2018,18,1155,300,Active,,,https://www.redfin.com/SC/Charleston/78-Halsey-Blvd-29401/home/113364643,Charleston Trident MLS,26012409,N,Y,32.7812131,-79.947685
MLS Listing,,Single Family Residential,1400 W Lenevar Dr,Charleston,SC,29407,600000,4,2.0,Lenevar,1952,12632,1960,18,307,,Active,,,https://www.redfin.com/SC/Charleston/1400-W-Lenevar-Dr-29407/home/68856719,Charleston Trident MLS,26012393,N,Y,32.8088671,-80.0006139
MLS Listing,,Single Family Residential,31 Campbell Dr,Charleston,SC,29407,975000,4,3.0,Byrnes Downs,1400,6098,1944,18,696,,Active,,,https://www.redfin.com/SC/Charleston/31-Campbell-Dr-29407/home/108162310,Charleston Trident MLS,26012388,N,Y,32.7793864,-79.9814129
MLS Listing,,Single Family Residential,2049 Syreford Ct,Charleston,SC,29414,765000,5,3.5,Hunt Club,3027,11325,2019,18,253,58,Active,,,https://www.redfin.com/SC/Charleston/2049-Syreford-Ct-29414/home/186346672,Charleston Trident MLS,26012265,N,Y,32.8251971,-80.1225977
MLS Listing,,Townhouse,128 Buttercup Way,Charleston,SC,29414,481103,4,3.0,Ashley Walk Townes,2048,2613,2026,18,235,68,Active,,,https://www.redfin.com/SC/Charleston/128-Buttercup-Blvd-29414/home/201647829,Charleston Trident MLS,26012379,N,Y,32.8173188,-80.0890813
MLS Listing,,Single Family Residential,1137 Turkey Trot Dr,Johns Island,SC,29455,575000,3,2.0,Riverview Farms,1984,5662,2018,18,290,70,Active,,,https://www.redfin.com/SC/Johns-Island/1137-Turkey-Trot-Dr-29455/home/145328663,Charleston Trident MLS,26012375,N,Y,32.7574775,-80.0569712
MLS Listing,,Condo/Co-op,130 River Landing Dr Unit 5101,Daniel Island,SC,29492,740000,3,2.0,Daniels Landing,1440,,2000,18,514,728,Active,,,https://www.redfin.com/SC/Daniel-Island/130-River-Landing-Dr-29492/unit-5101/home/68908054,Charleston Trident MLS,26012361,N,Y,32.85829,-79.902263
MLS Listing,,Condo/Co-op,200 Bucksley Ln #105,Daniel Island,SC,29492,339000,1,1.0,254 Seven Farms Drive,759,,2005,18,447,315,Active,,,https://www.redfin.com/SC/Daniel-Island/200-Bucksley-Ln-29492/unit-105/home/68575258,Charleston Trident MLS,26012345,N,Y,32.8604096,-79.9100433
MLS Listing,,Single Family Residential,706 Arcadian Way,Charleston,SC,29407,1750000,5,3.0,Avondale,3136,11325,1950,18,558,,Active,,,https://www.redfin.com/SC/Charleston/706-Arcadian-Way-29407/home/68931895,Charleston Trident MLS,26012344,N,Y,32.7880695,-79.9806438
MLS Listing,,Condo/Co-op,1814 Telfair Way,Charleston,SC,29412,349500,1,1.0,Mira Vista,718,,2001,18,487,401,Active,,,https://www.redfin.com/SC/Charleston/1814-Telfair-Way-29412/home/185704994,Charleston Trident MLS,26012339,N,Y,32.7540088,-79.9670931
MLS Listing,,Single Family Residential,7021 Schooner St,Daniel Island,SC,29492,1550000,4,3.5,Daniel Island,2906,7840,2003,18,533,83,Active,,,https://www.redfin.com/SC/Daniel-Island/7021-Schooner-St-29492/home/68853625,Charleston Trident MLS,26012333,N,Y,32.853642,-79.9153386
MLS Listing,,Single Family Residential,15 Anita Dr,Charleston,SC,29407,799000,3,2.0,Magnolia,1295,9583,1952,18,617,,Active,,,https://www.redfin.com/SC/Charleston/15-Anita-Dr-29407/home/87084669,Charleston Trident MLS,26012332,N,Y,32.7905502,-79.9919126
MLS Listing,,Townhouse,12 Grove St,Charleston,SC,29403,523500,3,2.0,Romney Village,1188,2613,1972,18,441,,Active,,,https://www.redfin.com/SC/Charleston/12-Grove-St-29403/home/87086216,Charleston Trident MLS,26012325,N,Y,32.8046165,-79.9488859
MLS Listing,,Single Family Residential,2893 Cavalcade Cir,Johns Island,SC,29455,875000,4,3.5,River Glen,3389,7840,2021,19,258,78,Active,,,https://www.redfin.com/SC/Johns-Island/2893-Cavalcade-CIR-29455/home/172739229,Charleston Trident MLS,26012321,N,Y,32.764322,-80.069653
MLS Listing,,Single Family Residential,930 Billfish Ct,Charleston,SC,29412,750000,4,2.0,Harbor Woods III,1748,8276,1995,19,429,,Active,,,https://www.redfin.com/SC/Charleston/930-Billfish-Ct-29412/home/68694582,Charleston Trident MLS,26012271,N,Y,32.7299773,-79.9315008
MLS Listing,,Single Family Residential,20 Huguenot Ave,Charleston,SC,29407,749000,3,2.0,Farmfield,2020,23958,1966,19,371,,Active,,,https://www.redfin.com/SC/Charleston/20-Huguenot-Ave-29407/home/68748159,Charleston Trident MLS,26012178,N,Y,32.7799395,-79.9934917
MLS Listing,,Vacant Land,2311 Peonie St,North Charleston,SC,29405,144900,,,Rosemont,,3920,,19,,,Active,,,https://www.redfin.com/SC/North-Charleston/2311-Peonie-Ave-29405/home/68941082,Charleston Trident MLS,26012253,N,Y,32.8276759,-79.9569608
MLS Listing,,Single Family Residential,2840 Ortega Dr,Johns Island,SC,29455,595000,3,2.5,Swygerts Landing,2110,10454,2014,19,282,,Active,,,https://www.redfin.com/SC/Johns-Island/2840-Ortega-Dr-29455/home/108097956,Charleston Trident MLS,26012251,N,Y,32.7586595,-80.0630723
MLS Listing,,Single Family Residential,3810 Marshfield Rd,Johns Island,SC,29455,474000,3,2.0,Marshfield,1609,47480,2000,19,295,,Active,,,https://www.redfin.com/SC/Johns-Island/3810-Marshfield-Rd-29455/home/108164851,Charleston Trident MLS,26012181,N,Y,32.791056,-80.1217641
MLS Listing,,Single Family Residential,1260 Lakefront Dr,Charleston,SC,29412,560000,3,2.0,Egrets Pointe,1214,6098,1994,19,461,63,Active,,,https://www.redfin.com/SC/Charleston/1260-Lakefront-Dr-29412/home/68878522,Charleston Trident MLS,26012242,N,Y,32.705745,-79.9564384
MLS Listing,,Townhouse,205 River Breeze Dr,Charleston,SC,29407,405000,2,2.0,Waterway South,1400,,1985,19,289,635,Active,,,https://www.redfin.com/SC/Charleston/205-River-Breeze-Dr-29407/home/182878691,Charleston Trident MLS,26012237,N,Y,32.7793712,-80.0306719
MLS Listing,,Single Family Residential,537 Saint Andrews Blvd,Charleston,SC,29407,675000,4,3.0,Moreland,1425,8712,1952,19,474,,Active,,,https://www.redfin.com/SC/Charleston/537-Saint-Andrews-Blvd-29407/home/108090967,Charleston Trident MLS,26012223,N,Y,32.7829444,-79.9761941
MLS Listing,,Townhouse,4103 Perrine St,Charleston,SC,29414,360000,3,3.0,Ashley Park,1432,1742,2006,19,251,72,Active,,,https://www.redfin.com/SC/Charleston/4103-Perrine-St-29414/home/68703084,Charleston Trident MLS,26012216,N,Y,32.816311,-80.0698138
MLS Listing,,Single Family Residential,673 Highwood Cir,Charleston,SC,29412,724900,3,2.0,Woodhaven,2074,10018,1966,19,350,,Active,,,https://www.redfin.com/SC/Charleston/673-Highwood-Cir-29412/home/87085900,Charleston Trident MLS,26012215,N,Y,32.7378186,-79.9192973
MLS Listing,,Single Family Residential,2160 Wright Brothers Dr,Cainhoy,SC,29492,847690,3,2.0,Point Hope,2099,7405,2026,19,404,286,Active,,,https://www.redfin.com/SC/Cainhoy/2160-Wright-Brothers-DR-29492/home/201630223,Charleston Trident MLS,26012213,N,Y,32.941901,-79.846251
MLS Listing,,Single Family Residential,291 Cabrill Dr,Charleston,SC,29414,650000,4,2.5,Grand Oaks Plantation,2608,11325,2002,19,249,65,Active,,,https://www.redfin.com/SC/Charleston/291-Cabrill-Dr-29414/home/68934157,Charleston Trident MLS,26012197,N,Y,32.8451021,-80.0894564
MLS Listing,,Single Family Residential,1894 Brittlebush Ln,Johns Island,SC,29455,615000,3,3.0,Whitney Lake,2378,4791,2020,19,259,57,Active,,,https://www.redfin.com/SC/Johns-Island/1894-Brittlebush-Ln-29455/home/177025849,Charleston Trident MLS,26012196,N,Y,32.7434182,-80.0568345
MLS Listing,,Townhouse,1295 Island Club Dr Unit D,Charleston,SC,29492,350000,2,1.5,The Peninsula,1404,,2005,19,249,330,Active,,,https://www.redfin.com/SC/Charleston/1295-Island-Club-Dr-29492/unit-D/home/91652126,Charleston Trident MLS,26011560,N,Y,32.9304051,-79.8450794
MLS Listing,,Condo/Co-op,33 Calhoun St #122,Charleston,SC,29401,825000,2,2.0,Gadsdenboro,1237,,2006,20,667,878,Active,,,https://www.redfin.com/SC/Charleston/33-Calhoun-St-29401/unit-122/home/108079889,Charleston Trident MLS,26012184,N,Y,32.788676,-79.928839
MLS Listing,,Single Family Residential,1928 Staffwood Rd,Johns Island,SC,29455,489000,3,2.5,Staffordshire,1610,9147,2009,20,304,,Active,,,https://www.redfin.com/SC/Johns-Island/1928-Staffwood-Rd-29455/home/68906537,Charleston Trident MLS,26012176,N,Y,32.7182952,-80.0730575
MLS Listing,,Single Family Residential,80 Nassau St,Charleston,SC,29403,825000,3,2.0,City of Charleston,1100,1742,1885,20,750,,Active,,,https://www.redfin.com/SC/Charleston/80-Nassau-St-29403/home/172705720,Charleston Trident MLS,26012161,N,Y,32.7958291,-79.9388094
MLS Listing,,Single Family Residential,1833 Woodland Rd,Charleston,SC,29414,469000,3,2.0,Pierpont,1350,15681,2026,20,347,,Active,,,https://www.redfin.com/SC/Charleston/1833-Woodland-Rd-29414/home/201621576,Charleston Trident MLS,26012154,N,Y,32.8293263,-80.0441804
MLS Listing,,Single Family Residential,1831 Woodland Rd,Charleston,SC,29414,489000,3,2.0,Pierpont,1430,16552,2026,20,342,,Active,,,https://www.redfin.com/SC/Charleston/1831-Woodland-Rd-29414/home/108045536,Charleston Trident MLS,26012153,N,Y,32.8293502,-80.0436985
MLS Listing,,Single Family Residential,707 Meeting Apt B & C,Charleston,SC,29403,1695000,8,7.0,City of Charleston,3204,3484,2017,20,529,,Active,,,https://www.redfin.com/SC/Charleston/707-Meeting-St-29403/unit-C/home/113618374,Charleston Trident MLS,26012146,N,Y,32.8075596,-79.9478547
MLS Listing,,Single Family Residential,958 Foliage Ln,Charleston,SC,29412,1365000,4,3.0,The Village at Stiles Point,3316,9583,2019,20,412,75,Active,,,https://www.redfin.com/SC/Charleston/958-Foliage-Ln-29412/home/145329152,Charleston Trident MLS,26012144,N,Y,32.7425403,-79.932052
MLS Listing,,Condo/Co-op,125 Pier View St Unit 407,Daniel Island,SC,29492,620000,1,1.5,Daniel Island,1138,,2007,20,545,811,Active,,,https://www.redfin.com/SC/Daniel-Island/125-Pier-View-St-29492/unit-407/home/68869181,Charleston Trident MLS,26012119,N,Y,32.8580036,-79.9091468
MLS Listing,,Single Family Residential,3429 Berryhill Rd,Johns Island,SC,29455,630000,3,2.5,Cedar Springs,1934,15681,2017,20,326,,Active,,,https://www.redfin.com/SC/Johns-Island/3429-Berryhill-Rd-29455/home/108134603,Charleston Trident MLS,26012114,N,Y,32.7213713,-80.0636093
MLS Listing,,Single Family Residential,201 Culver Ave,Charleston,SC,29407,655000,4,2.0,Air Harbor,2044,9583,1959,20,320,,Active,,,https://www.redfin.com/SC/Charleston/201-Culver-Ave-29407/home/68560123,Charleston Trident MLS,26012111,N,Y,32.780807,-80.029577
MLS Listing,,Single Family Residential,1510 Dawn Mist Way,Charleston,SC,29414,550000,3,2.0,The Pointe at Rhodes Crossing,1955,6098,2019,20,281,53,Active,,,https://www.redfin.com/SC/Charleston/1510-Dawn-Mist-Way-29414/home/145328540,Charleston Trident MLS,26012099,N,Y,32.8148528,-80.0873042
MLS Listing,,Single Family Residential,1510 Mulberry St,Charleston,SC,29407,480000,4,2.0,Sherwood Forest,1435,12196,1961,21,334,,Active,,,https://www.redfin.com/SC/Charleston/1510-Mulberry-St-29407/home/87082240,Charleston Trident MLS,26012094,N,Y,32.7911801,-80.0090628
MLS Listing,,Condo/Co-op,1216 Telfair Way,Charleston,SC,29412,399000,2,2.0,Mira Vista,1120,,2001,21,356,626,Active,,,https://www.redfin.com/SC/Charleston/1216-Telfair-Way-29412/home/182957584,Charleston Trident MLS,26012080,N,Y,32.7534945,-79.9680551
MLS Listing,,Condo/Co-op,1611 Folly Creek Way Unit C-3,Charleston,SC,29412,949000,3,3.0,Palmetto Pointe,1738,,2007,21,546,950,Active,,,https://www.redfin.com/SC/Charleston/1611-Folly-Creek-Way-29412/unit-C3/home/68700134,Charleston Trident MLS,26012050,N,Y,32.680561,-79.951834
MLS Listing,,Condo/Co-op,136 Fairbanks Oak Aly Unit 4b,Daniel Island,SC,29492,1900000,3,3.0,Oaks at Rivers Edge,2855,,2006,21,665,1834,Active,,,https://www.redfin.com/SC/Daniel-Island/136-Fairbanks-Oak-Aly-29492/unit-4B/home/68578688,Charleston Trident MLS,26012047,N,Y,32.8668047,-79.8970286
MLS Listing,,Vacant Land,8 Yellow House Rd,Charleston,SC,29492,1700000,,,78 - Wando/Cainhoy,,86248,,21,,,Active,,,https://www.redfin.com/SC/Charleston/8-Yellow-House-Pl-29492/home/201588370,Charleston Trident MLS,26012038,N,Y,32.899889,-79.918987
MLS Listing,,Single Family Residential,10 Porters Ct,Charleston,SC,29403,950000,3,3.0,Cannonborough-Elliotborough,1264,1306,1852,21,752,,Active,,,https://www.redfin.com/SC/Charleston/10-Porters-Ct-29403/home/68939124,Charleston Trident MLS,26011992,N,Y,32.7924182,-79.9469116
MLS Listing,,Townhouse,102 Beaufain St Unit B,Charleston,SC,29401,1400000,3,2.5,Harleston Village,1368,3920,1975,21,1023,,Active,,,https://www.redfin.com/SC/Charleston/102-Beaufain-St-29401/unit-B/home/108068279,Charleston Trident MLS,26011979,N,Y,32.7789122,-79.940426
MLS Listing,,Single Family Residential,1827 Gammon St,Charleston,SC,29414,699900,4,3.0,Carolina Bay,2557,5662,2016,21,274,58,Active,,,https://www.redfin.com/SC/Charleston/1827-Gammon-St-29414/home/103496297,Charleston Trident MLS,26011780,N,Y,32.8066826,-80.0725866
MLS Listing,,Single Family Residential,2166 Saint James Dr,Charleston,SC,29412,1475000,4,2.0,Riverland Terrace,1796,10454,1942,22,821,,Active,,,https://www.redfin.com/SC/Charleston/2166-Saint-James-Dr-29412/home/68886932,Charleston Trident MLS,26011946,N,Y,32.763986,-79.9977178
MLS Listing,,Single Family Residential,1040 Rivershore Rd,Charleston,SC,29492,1499000,6,4.5,Beresford Creek Landing,4020,17424,2003,22,373,142,Active,,,https://www.redfin.com/SC/Charleston/1040-Rivershore-Rd-29492/home/68859046,Charleston Trident MLS,26011945,N,Y,32.8862162,-79.9179318
MLS Listing,,Single Family Residential,18 Ophir Dr,Charleston,SC,29407,625000,4,2.5,West Oak Forest,1625,10454,1965,23,385,,Active,,,https://www.redfin.com/SC/Charleston/18-Ophir-Dr-29407/home/108100025,Charleston Trident MLS,26011937,N,Y,32.7938849,-80.0030688
MLS Listing,,Townhouse,461 Katies Scenic Ct,Charleston,SC,29492,575990,3,3.5,The Bluffs at Pinefield,1906,4356,2026,23,302,302,Active,,,https://www.redfin.com/SC/Charleston/461-Katies-Scenic-Ct-29492/home/180583152,Charleston Trident MLS,26011921,N,Y,32.885126,-79.931885
MLS Listing,,Townhouse,459 Katies Scenic Ct,Charleston,SC,29492,589990,3,3.5,The Bluffs at Pinefield,2198,2178,2026,23,268,302,Active,,,https://www.redfin.com/SC/Charleston/459-Katies-Scenic-Ct-29492/home/180583151,Charleston Trident MLS,26011920,N,Y,32.885164,-79.932006
MLS Listing,,Townhouse,457 Katies Scenic Ct,Charleston,SC,29492,579990,3,3.5,The Bluffs at Pinefield,1906,3484,2026,23,304,302,Active,,,https://www.redfin.com/SC/Charleston/457-Katies-Scenic-Ct-29492/home/180583150,Charleston Trident MLS,26011919,N,Y,32.885064,-79.932049
MLS Listing,,Townhouse,940 E Estates Blvd Unit O,Charleston,SC,29414,285000,3,2.5,Longbranch,1344,,2004,23,212,330,Active,,,https://www.redfin.com/SC/Charleston/940-E-Estates-Blvd-29414/unit-O/home/68707441,Charleston Trident MLS,26011915,N,Y,32.8034079,-80.052772
MLS Listing,,Single Family Residential,523 Spring Hollow Dr,Charleston,SC,29492,1250000,4,3.5,The Marshes at Cooper River,2737,7840,2023,23,457,72,Active,,,https://www.redfin.com/SC/Charleston/523-Spring-Hollow-Dr-29492/home/172399528,Charleston Trident MLS,26011914,N,Y,32.905163,-79.925166
MLS Listing,,Condo/Co-op,1402 Camp Rd Unit 6c,Charleston,SC,29412,280000,3,2.0,Point James,1151,,1974,23,243,492,Active,,,https://www.redfin.com/SC/Charleston/1402-Camp-Rd-29412/unit-6C/home/108076983,Charleston Trident MLS,26011905,N,Y,32.731307,-79.956681
MLS Listing,,Single Family Residential,2331 Vanderbilt Dr,Charleston,SC,29414,539000,3,2.0,Drayton On The Ashley,2300,10454,1978,23,234,,Active,,,https://www.redfin.com/SC/Charleston/2331-Vanderbilt-Dr-29414/home/68737879,Charleston Trident MLS,26011895,N,Y,32.8485844,-80.0599541
MLS Listing,,Single Family Residential,2128 Courtland Ave,Charleston,SC,29403,1378000,7,3.0,Garden Hill,2252,4356,1945,23,612,,Active,,,https://www.redfin.com/SC/Charleston/2128-Courtland-Ave-29403/home/68909124,Charleston Trident MLS,26011882,N,Y,32.8146258,-79.9536315
MLS Listing,,Single Family Residential,1740 Dogwood Rd,Charleston,SC,29414,320000,3,1.0,Pierpont,988,28749,1953,23,324,,Active,,,https://www.redfin.com/SC/Charleston/1740-Dogwood-Rd-29414/home/68549581,Charleston Trident MLS,26011154,N,Y,32.8281027,-80.0378525
MLS Listing,,Condo/Co-op,144 Fairbanks Oak Aly Unit 2b,Daniel Island,SC,29492,1800000,3,2.5,Daniel Island Park,2644,,2006,24,681,1834,Active,,,https://www.redfin.com/SC/Daniel-Island/144-Fairbanks-Oak-Aly-29492/unit-2B/home/85961305,Charleston Trident MLS,26011872,N,Y,32.8668241,-79.8978907
MLS Listing,,Single Family Residential,1044 Oak Bluff Ave,Charleston,SC,29492,640000,4,2.0,Oak Bluff,2615,7405,2018,24,245,73,Active,,,https://www.redfin.com/SC/Charleston/1044-Oak-Bluff-Ave-29492/home/144711834,Charleston Trident MLS,26011869,N,Y,32.9325587,-79.8358263
MLS Listing,,Single Family Residential,643 N Shore Dr,Charleston,SC,29412,799000,3,2.0,Lawton Bluff,1835,21780,1977,24,435,,Active,,,https://www.redfin.com/SC/Charleston/643-N-Shore-Dr-29412/home/108143833,Charleston Trident MLS,26011827,N,Y,32.7497877,-79.9467865
MLS Listing,,Townhouse,306 Pathfinder Way,Charleston,SC,29492,525000,3,3.0,The Marshes at Cooper River,1866,1742,2022,24,281,,Active,,,https://www.redfin.com/SC/Charleston/306-Pathfinder-Way-29492/home/179432890,Charleston Trident MLS,26011799,N,Y,32.90132,-79.920244
MLS Listing,,Condo/Co-op,1025 Riverland Woods Pl Apt 712,Charleston,SC,29412,439000,2,2.0,The Retreat at Riverland,1440,,2005,24,305,648,Active,,,https://www.redfin.com/SC/Charleston/1025-Riverland-Woods-Pl-29412/unit-712/home/108078938,Charleston Trident MLS,26011791,N,Y,32.716981,-79.97326
MLS Listing,,Single Family Residential,3120 Grand Bay,Johns Island,SC,29455,600000,5,3.5,Maybank Village,2878,5227,2017,24,208,,Active,,,https://www.redfin.com/SC/Johns-Island/3120-Grand-Bay-Ln-29455/home/113489281,Charleston Trident MLS,26011775,N,Y,32.7315186,-80.0532303
MLS Listing,,Single Family Residential,2354 Soling Ct,Charleston,SC,29414,445000,3,2.0,Park Place,1242,7405,1991,24,358,,Active,,,https://www.redfin.com/SC/Charleston/2354-Soling-Ct-29414/home/68816240,Charleston Trident MLS,26011767,N,Y,32.783202,-80.0448866
MLS Listing,,Townhouse,2937 Oxford Pl,Charleston,SC,29414,305000,2,2.5,Shadowmoss,1415,1306,1986,24,216,250,Active,,,https://www.redfin.com/SC/Charleston/2937-Oxford-Pl-29414/home/68620786,Charleston Trident MLS,26011761,N,Y,32.8415487,-80.063027
MLS Listing,,Single Family Residential,1903 Brittlebush Ln,Johns Island,SC,29455,625000,3,2.5,Whitney Lake,1879,5662,2020,24,333,60,Active,,,https://www.redfin.com/SC/Johns-Island/1903-Brittlebush-Ln-29455/home/172934798,Charleston Trident MLS,26011760,N,Y,32.7430202,-80.0585405
MLS Listing,,Single Family Residential,869 Sonny Boy Ln,Johns Island,SC,29455,1049000,3,3.5,Riverview Farms,2888,34848,2014,24,363,,Active,,,https://www.redfin.com/SC/Johns-Island/869-Sonny-Boy-Ln-29455/home/108145832,Charleston Trident MLS,26011748,N,Y,32.7599624,-80.0717914
MLS Listing,,Single Family Residential,1000 Cochran St,Daniel Island,SC,29492,1450000,4,2.5,Daniel Island,2696,10454,2001,24,538,86,Active,,,https://www.redfin.com/SC/Daniel-Island/1000-Cochran-St-29492/home/68737863,Charleston Trident MLS,26011746,N,Y,32.858127,-79.9221261
MLS Listing,,Condo/Co-op,250 Island Park Dr #202,Daniel Island,SC,29492,1685000,3,3.5,Daniel Island Park,2522,,2007,24,668,1089,Active,,,https://www.redfin.com/SC/Daniel-Island/250-Island-Park-Dr-29492/unit-202/home/68552918,Charleston Trident MLS,26011743,N,Y,32.8792799,-79.8966972
MLS Listing,,Single Family Residential,2619 Rutherford Way,Charleston,SC,29414,679000,5,4.0,Carolina Bay,2709,6969,2011,24,251,60,Active,,,https://www.redfin.com/SC/Charleston/2619-Rutherford-Way-29414/home/68927346,Charleston Trident MLS,26011734,N,Y,32.8065292,-80.0569981
MLS Listing,,Single Family Residential,1 Colleton Dr,Charleston,SC,29407,899900,3,2.0,Byrnes Downs,1150,15245,1945,24,783,,Active,,,https://www.redfin.com/SC/Charleston/1-Colleton-Dr-29407/home/68559297,Charleston Trident MLS,26011733,N,Y,32.7781864,-79.9856235
MLS Listing,,Single Family Residential,2656 Doubletree Ct,Charleston,SC,29414,565000,3,2.5,Carolina Bay,2471,8276,2017,24,229,60,Active,,,https://www.redfin.com/SC/Charleston/2656-Doubletree-Ct-29414/home/144327228,Charleston Trident MLS,26011533,N,Y,32.8041456,-80.0912178
MLS Listing,,Condo/Co-op,176 River Breeze Dr,Charleston,SC,29407,375000,3,2.0,Waterway South,1400,,1987,24,268,491,Active,,,https://www.redfin.com/SC/Charleston/176-River-Breeze-Dr-29407/home/182882915,Charleston Trident MLS,26011654,N,Y,32.7788843,-80.0291483
MLS Listing,,Single Family Residential,868 Melrose Dr,Charleston,SC,29414,565900,3,2.0,Melrose,1547,15245,1972,25,366,,Active,,,https://www.redfin.com/SC/Charleston/868-Melrose-Dr-29414/home/87081416,Charleston Trident MLS,26011671,N,Y,32.8003067,-80.0451409
MLS Listing,,Single Family Residential,412 Topsail Ct,Charleston,SC,29492,815000,4,3.0,Landings at Sweetwater,2430,7840,2019,25,335,161,Active,,,https://www.redfin.com/SC/Charleston/412-Topsail-Ct-29492/home/164619627,Charleston Trident MLS,26011698,N,Y,32.8968016,-79.9142707
MLS Listing,,Multi-Family (2-4 Unit),4 Murphy Ct Unit A & B,Charleston,SC,29403,1600000,6,3.0,Radcliffeborough,,2613,1855,25,,,Active,,,https://www.redfin.com/SC/Charleston/4-Murphy-Ct-29403/unit-A/home/183795467,Charleston Trident MLS,26011697,N,Y,32.7852881,-79.9427764
MLS Listing,,Single Family Residential,1550 Folly Rd,Charleston,SC,29412,659000,3,2.5,City of Charleston,1525,9147,1940,25,432,,Active,,,https://www.redfin.com/SC/Charleston/1550-Folly-Rd-29412/home/68589164,Charleston Trident MLS,26011683,N,Y,32.7070573,-79.9638809
MLS Listing,,Single Family Residential,3462 Field Planters Rd,Johns Island,SC,29455,565000,4,2.5,The Retreat at Johns Island,2658,9147,2012,25,213,29,Active,,,https://www.redfin.com/SC/Johns-Island/3462-Field-Planters-Rd-29455/home/68874991,Charleston Trident MLS,26011670,N,Y,32.7255593,-80.0821182
MLS Listing,,Single Family Residential,325 Saddlewood Dr,Charleston,SC,29414,493000,5,2.5,Grand Bees,2191,6534,2022,25,225,71,Active,,,https://www.redfin.com/SC/Charleston/325-Saddlewood-DR-29414/home/177817893,Charleston Trident MLS,26011652,N,Y,32.8273,-80.1004
MLS Listing,,Single Family Residential,833 Kirby Ct,Charleston,SC,29414,499000,5,3.5,Grand Oaks Plantation,2759,6098,2021,25,181,33,Active,,,https://www.redfin.com/SC/Charleston/833-Kirby-Ct-29414/home/177207696,Charleston Trident MLS,26011647,N,Y,32.8198772,-80.0995615
MLS Listing,,Single Family Residential,16 Pratt St,Charleston,SC,29407,420000,3,2.0,Sherwood Forest,1058,7840,1971,25,397,,Active,,,https://www.redfin.com/SC/Charleston/16-Pratt-St-29407/home/68937507,Charleston Trident MLS,26011574,N,Y,32.7959664,-80.0115649
MLS Listing,,Single Family Residential,1514 Innkeeper Ln,Johns Island,SC,29455,539900,3,2.5,Brownswood Village,2119,7840,2016,25,255,31,Active,,,https://www.redfin.com/SC/Johns-Island/1514-Innkeeper-Ln-29455/home/105782062,Charleston Trident MLS,26011638,N,Y,32.7312136,-80.0827312
MLS Listing,,Single Family Residential,110 Franklin Retreat Ct,Charleston,SC,29492,779975,4,3.5,Retreat at Beresford,2763,6534,2007,25,282,33,Active,,,https://www.redfin.com/SC/Charleston/110-Franklin-Retreat-Ct-29492/home/68863458,Charleston Trident MLS,26011635,N,Y,32.8975452,-79.9191118
